Order ID,Customer Name,Product Name,Region,Sum of Sales,Sum of Profit
Ca-2014-Ab10015140-41689,Aaron Bergman,Akro Stacking Bins,Central Us,12.624,-2.5248
Ca-2014-Ab10105140-41992,Adrian Barton,Avery 487,Central Us,3.69,1.7343
Ca-2014-Ab10105140-41992,Adrian Barton,Ibico Ibimaster 300 Manual Binding System,Central Us,1103.97,496.7865
Ca-2014-Ab10600140-41960,Ann Blume,"Gbc White Gloss Covers, Plain Front",Central Us,14.48,-23.892
Ca-2014-Ag10525140-41883,Andy Gerbode,Epson Tm-T88V Direct Thermal Printer - Monochrome - Desktop,Central Us,559.71,-121.2705
Ca-2014-Ah19523-41859,Alan Haines,"Ames Business Envelopes, Security-Tint",Canada,87.84,29.7
Ca-2014-Am10360140-41917,Alice Mccarthy,Gbc Velobinder Strips,Central Us,15.36,7.68
Ca-2014-As24023-41902,Alan Shonely,"Smead Round Labels, Adjustable",Canada,4.8,1.44
Ca-2014-Az10750140-41714,Annie Zypern,Newell 333,Central Us,4.448,0.3336
Ca-2014-Az10750140-41714,Annie Zypern,Xerox 1966,Central Us,5.184,1.8792
Ca-2014-Az10750140-41714,Annie Zypern,Xerox 1967,Central Us,15.552,5.4432
Ca-2014-Bc11125140-41894,Becky Castell,"Padded Folding Chairs, Black, 4/Carton",Central Us,340.116,-9.7176
Ca-2014-Bd11500140-41672,Bradley Drucker,Enermax Aurora Lite Keyboard,Central Us,468.9,206.316
Ca-2014-Bm11140140-41889,Becky Martin,Bic Brite Liner Highlighters,Central Us,9.936,2.7324
Ca-2014-Bm11140140-41889,Becky Martin,Jbl Micro Wireless Portable Bluetooth Speaker,Central Us,143.976,8.9985
Ca-2014-Bm11140140-41889,Becky Martin,Kensington 7 Outlet Masterpiece Power Center,Central Us,177.98,-453.849
Ca-2014-Bm11140140-41889,Becky Martin,Lexmark Mx611Dhe Monochrome Laser Printer,Central Us,8159.952,-1359.992
Ca-2014-Bm11140140-41889,Becky Martin,Safco Arco Folding Chair,Central Us,1740.06,-24.858
Ca-2014-Bm11140140-41889,Becky Martin,Sanford Liquid Accent Highlighters,Central Us,32.064,6.8136
Ca-2014-Bm11140140-41889,Becky Martin,Space Solutions Hd Industrial Steel Shelving.,Central Us,275.928,-58.6347
Ca-2014-Bm11650140-41828,Brian Moss,"Eureka Recycled Copy Paper 8 1/2"" X 11"", Ream",Central Us,10.368,3.6288
Ca-2014-Bm11650140-41828,Brian Moss,Xerox 1895,Central Us,14.352,4.485
Ca-2014-Bm11650140-41902,Brian Moss,Acco 6 Outlet Guardian Standard Surge Suppressor,Central Us,36.27,10.881
Ca-2014-Bm11650140-41902,Brian Moss,Fellowes Basic Home/Office Series Surge Protectors,Central Us,25.96,7.5284
Ca-2014-Bm11650140-41902,Brian Moss,Xerox 224,Central Us,6.48,3.1104
Ca-2014-Bm11785140-41883,Bryan Mills,Logitech Gaming G510S - Keyboard,Central Us,475.944,95.1888
Ca-2014-Bm165023-41946,Brian Moss,"Oic Rubber Bands, Metal",Canada,17.19,6.51
Ca-2014-Bn11515140-41714,Bradley Nguyen,Avery Non-Stick Heavy Duty View Round Locking Ring Binders,Central Us,35.88,17.2224
Ca-2014-Bn11515140-41714,Bradley Nguyen,Bionaire Personal Warm Mist Humidifier/Vaporizer,Central Us,93.78,36.5742
Ca-2014-Bn11515140-41714,Bradley Nguyen,"Memo Book, 100 Message Capacity, 5 3/8” X 11”",Central Us,47.18,23.59
Ca-2014-Bn11515140-41714,Bradley Nguyen,Newell 35,Central Us,19.68,5.7072
Ca-2014-Bn11515140-41714,Bradley Nguyen,Wilson Jones 14 Line Acrylic Coated Pressboard Data Binders,Central Us,53.4,25.098
Ca-2014-Bp11290140-41914,Beth Paige,"Global High-Back Leather Tilter, Burgundy",Central Us,258.279,-70.1043
Ca-2014-Bt11395140-41939,Bill Tyler,Digium D40 Voip Phone,Central Us,257.98,74.8142
Ca-2014-Bt11440140-41965,Bobby Trafton,Unikeep View Case Binders,Central Us,14.67,6.7482
Ca-2014-Bt11680140-41970,Brian Thompson,Startech.Com 10/100 Vdsl2 Ethernet Extender Kit,Central Us,998.85,-199.77
Ca-2014-Bw111023-41814,Bart Watters,"Sanford Highlighters, Fluorescent",Canada,17.01,7.14
Ca-2014-Ca11965140-41666,Carol Adams,"Safco Value Mate Series Steel Bookcases, Baked Enamel Finish On Steel, Gray",Central Us,141.96,39.7488
Ca-2014-Ca11965140-41666,Carol Adams,Wilson Jones 14 Line Acrylic Coated Pressboard Data Binders,Central Us,10.68,5.0196
Ca-2014-Cb12025140-41959,Cassandra Brandow,"Redi-Strip #10 Envelopes, 4 1/8 X 9 1/2",Central Us,7.08,2.478
Ca-2014-Cc12220140-41890,Chris Cortes,"Ampad Poly Cover Wirebound Steno Book, 6"" X 9"" Assorted Colors, Gregg Ruled",Central Us,10.896,3.405
Ca-2014-Cc222023-41813,Chris Cortes,"Hon Round Labels, Adjustable",Canada,9.12,3.24
Ca-2014-Cc222023-41813,Chris Cortes,"Stockwell Paper Clips, Assorted Sizes",Canada,10.95,4.26
Ca-2014-Cc247523-41761,Cindy Chapman,"Acco Binding Machine, Clear",Canada,101.1,11.1
Ca-2014-Cc247523-41761,Cindy Chapman,"Startech Inkjet, Durable",Canada,600.36,66
Ca-2014-Cm11815140-41956,Candace Mcmahon,Xerox 221,Central Us,20.736,7.2576
Ca-2014-Cm11815140-42003,Candace Mcmahon,Staples,Central Us,49.568,17.9684
Ca-2014-Cm12715140-41921,Craig Molinari,Avery Non-Stick Binders,Central Us,0.898,-1.5715
Ca-2014-Cm12715140-41921,Craig Molinari,Cisco 8X8 Inc. 6753I Ip Business Phone System,Central Us,755.944,66.1451
Ca-2014-Cm12715140-41921,Craig Molinari,Gbc Personal Velobind Strips,Central Us,11.98,-19.168
Ca-2014-Cm12715140-41921,Craig Molinari,Motorola Droid Maxx,Central Us,719.952,71.9952
Ca-2014-Co12640140-41999,Corey-Lock,Dax Wood Document Frame,Central Us,32.952,-19.7712
Ca-2014-Co12640140-41999,Corey-Lock,Staples,Central Us,30.016,3.0016
Ca-2014-Cr12730140-41870,Craig Reiter,"Global Leather And Oak Executive Chair, Black",Central Us,421.372,-6.0196
Ca-2014-Cs11845140-41986,Cari Sayre,Gbc Velobind Cover Sets,Central Us,9.264,-13.896
Ca-2014-Cs195023-41779,Carlos Soltero,"Avery 3-Hole Punch, Recycled",Canada,28.23,0
Ca-2014-Cv12295140-41883,Christina Vanderzanden,Logitech Wireless Performance Mouse Mx For Pc And Mac,Central Us,239.976,53.9946
Ca-2014-Cw11905140-41798,Carl Weiss,Boston 1645 Deluxe Heavier-Duty Electric Pencil Sharpener,Central Us,70.368,6.1572
Ca-2014-Cw11905140-41798,Carl Weiss,Logitech M510 Wireless Mouse,Central Us,63.984,10.3974
Ca-2014-Cw11905140-41798,Carl Weiss,Square Credit Card Reader,Central Us,7.992,0.5994
Ca-2014-Dc13285140-42001,Debra Catini,Imation 32Gb Pocket Pro Usb 3.0 Flash Drive - 32 Gb - Black - 1 P ...,Central Us,119.8,47.92
Ca-2014-Dc13285140-42001,Debra Catini,Recycled Eldon Regeneration Jumbo File,Central Us,24.56,6.8768
Ca-2014-Dk12985140-41966,Darren Koutras,Fellowes Super Stor/Drawer Files,Central Us,646.2,-8.0775
Ca-2014-Dk13150140-41977,David Kendrick,Imation Secure+ Hardware Encrypted Usb 2.0 Flash Drive; 16Gb,Central Us,408.744,76.6395
Ca-2014-Dk13150140-41977,David Kendrick,"Tenex File Box, Personal Filing Tote With Lid, Black",Central Us,24.816,1.8612
Ca-2014-Dk337523-41705,Dennis Kane,"Ibico 3-Hole Punch, Clear",Canada,59.82,23.88
Ca-2014-Dl13315140-41677,Delfina Latchford,"Avery Flip-Chart Easel Binder, Black",Central Us,8.952,-14.7708
Ca-2014-Dl13315140-41688,Delfina Latchford,Staples,Central Us,54.208,8.8088
Ca-2014-Dp13000140-41643,Darren Powers,"Message Book, Wirebound, Four 5 1/2"" X 4"" Forms/Pg., 200 Dupl. Sets/Book",Central Us,16.448,5.5512
Ca-2014-Dp13000140-41954,Darren Powers,"Ge General Use Halogen Bulbs, 100 Watts, 1 Bulb Per Pack",Central Us,25.128,-6.9102
Ca-2014-Dp13000140-41954,Darren Powers,Logitech G602 Wireless Gaming Mouse,Central Us,127.984,25.5968
Ca-2014-Dp300023-41907,Darren Powers,"Binney & Smith Pencil Sharpener, Water Color",Canada,29.85,6.84
Ca-2014-Dv13465140-41811,Dianna Vittorini,Fellowes Bankers Box Recycled Super Stor/Drawer,Central Us,161.94,9.7164
Ca-2014-Dv13465140-41811,Dianna Vittorini,Office Impressions Heavy Duty Welded Shelving & Multimedia Storage Drawers,Central Us,501.81,0
Ca-2014-Dw13480140-41790,Dianna Wilson,"Adams Telephone Message Book W/Frequently-Called Numbers Space, 400 Messages Per Book",Central Us,47.88,23.94
Ca-2014-Dw13480140-41790,Dianna Wilson,Global Deluxe High-Back Manager'S Chair,Central Us,2001.86,580.5394
Ca-2014-Dw13480140-41790,Dianna Wilson,Honeywell Enviracaire Portable Hepa Air Cleaner For 17' X 22' Room,Central Us,1503.25,496.0725
Ca-2014-Dw13480140-41790,Dianna Wilson,Safco Steel Mobile File Cart,Central Us,166.72,41.68
Ca-2014-Dw13480140-41790,Dianna Wilson,Xerox 205,Central Us,25.92,12.4416
Ca-2014-Dw354023-41904,Don Weiss,"Deflect-O Light Bulb, Black",Canada,18.99,6.81
Ca-2014-Dw354023-41904,Don Weiss,"Tenex Lockers, Industrial",Canada,409.26,114.54
Ca-2014-Eb13870140-41763,Emily Burns,"Global Value Mid-Back Manager'S Chair, Gray",Central Us,127.869,-9.1335
Ca-2014-Eb14170140-41928,Evan Bailliet,G.E. Longer-Life Indoor Recessed Floodlight Bulbs,Central Us,5.312,-1.5936
Ca-2014-Eb375023-41965,Edward Becker,"Enermax Note Cards, Premium",Canada,114,11.4
Ca-2014-Eb375023-41965,Edward Becker,"Enermax Numeric Keypad, Erganomic",Canada,58.83,6.45
Ca-2014-Eb384023-41840,Ellis Ballard,"Bic Highlighters, Easy-Erase",Canada,19.2,4.41
Ca-2014-Eb384023-41840,Ellis Ballard,"Canon Ink, High-Speed",Canada,290.7,93
Ca-2014-Eb384023-41840,Ellis Ballard,"Hamilton Beach Stove, Black",Canada,1083.54,400.86
Ca-2014-Eb384023-41840,Ellis Ballard,"Stiletto Shears, Easy Grip",Canada,49.71,10.92
Ca-2014-Ed13885140-41965,Emily Ducich,Alphabetical Labels For Top Tab Filing,Central Us,23.68,8.88
Ca-2014-Eh14185140-41964,Evan Henry,Wilson Jones Heavy-Duty Casebound Ring Binders With Metal Hinges,Central Us,6.928,-11.0848
Ca-2014-Eh394523-41749,Eric Hoffmann,"Deflect-O Stacking Tray, Erganomic",Canada,23.91,6.69
Ca-2014-Eh394523-41749,Eric Hoffmann,"Hewlett Ink, Color",Canada,150.12,21
Ca-2014-Eh394523-41749,Eric Hoffmann,"Stanley Canvas, Blue",Canada,49.47,7.89
Ca-2014-Ej13720140-41988,Ed Jacobs,"Tenex Carpeted, Granite-Look Or Clear Contemporary Contour Shape Chair Mats",Central Us,56.568,-74.9526
Ca-2014-Ej13720140-41988,Ed Jacobs,Xerox 224,Central Us,36.288,12.7008
Ca-2014-Em406523-41861,Erin Mull,"Cardinal 3-Hole Punch, Economy",Canada,28.8,12.96
Ca-2014-Em406523-41861,Erin Mull,"Wilson Jones 3-Hole Punch, Clear",Canada,109.8,30.72
Ca-2014-Ga14515140-41776,George Ashbrook,Xerox 1949,Central Us,3.984,1.4442
Ca-2014-Ga14725140-41682,Guy Armstrong,Avery 483,Central Us,14.94,6.8724
Ca-2014-Ga14725140-41682,Guy Armstrong,Fellowes Neat Ideas Storage Cubes,Central Us,64.96,2.5984
Ca-2014-Ga14725140-41682,Guy Armstrong,"Global Value Mid-Back Manager'S Chair, Gray",Central Us,60.89,15.2225
Ca-2014-Ga14725140-41682,Guy Armstrong,"Rubbermaid Clustermat Chairmats, Mat Size- 66"" X 60"", Lip 20"" X 11"" -90 Degree Angle",Central Us,332.94,53.2704
Ca-2014-Ga14725140-41682,Guy Armstrong,Varicap6 Expandable Binder,Central Us,51.9,24.393
Ca-2014-Ga14725140-41682,Guy Armstrong,Wilson Jones Turn Tabs Binder Tool For Ring Binders,Central Us,9.64,4.4344
Ca-2014-Gm14455140-41739,Gary Mitchum,Jawbone Jambox Wireless Bluetooth Speaker,Central Us,758.352,265.4232
Ca-2014-Gw14605140-41698,Giulietta Weimer,Bevis Round Conference Room Tables And Bases,Central Us,376.509,-43.0296
Ca-2014-Gw14605140-41698,Giulietta Weimer,Recycled Steel Personal File For Hanging File Folders,Central Us,137.352,8.5845
Ca-2014-Gz14470140-41855,Gary Zandusky,"Safco Planmaster Heigh-Adjustable Drafting Table Base, 43W X 30D X 30-37H, Black",Central Us,489.23,41.934
Ca-2014-Gz447023-41742,Gary Zandusky,"Novimex Shipping Labels, 5000 Label Set",Canada,22.74,8.16
Ca-2014-Gz447023-41742,Gary Zandusky,"Smead Removable Labels, Adjustable",Canada,8.4,0.06
Ca-2014-Gz447023-41742,Gary Zandusky,"Stockwell Staples, Assorted Sizes",Canada,31.44,11.28
Ca-2014-Hd14785140-41769,Harold Dahlen,Avery Arch Ring Binders,Central Us,104.58,-172.557
Ca-2014-Hd14785140-41769,Harold Dahlen,"Black Print Carbonless 8 1/2"" X 8 1/4"" Rapid Memo Book",Central Us,17.472,5.6784
Ca-2014-Hg15025140-41925,Hunter Glantz,Hewlett Packard 610 Color Digital Copier / Printer,Central Us,1999.96,624.9875
Ca-2014-Hg15025140-41925,Hunter Glantz,"Hoover Replacement Belts For Soft Guard & Commercial Ltweight Upright Vacs, 2/Pk",Central Us,3.16,-8.532
Ca-2014-Hk14890140-41799,Heather Kirkland,"Dot Matrix Printer Tape Reel Labels, White, 5000/Box",Central Us,491.55,240.8595
Ca-2014-Hl15040140-41770,Hunter Lopez,"Dax Value U-Channel Document Frames, Easel Back",Central Us,34.79,10.7849
Ca-2014-Hm14860140-41840,Harry Marie,Acco 6 Outlet Guardian Basic Surge Suppressor,Central Us,4.992,-12.9792
Ca-2014-Hm14860140-41840,Harry Marie,Acco Economy Flexible Poly Round Ring Binder,Central Us,1.044,-1.827
Ca-2014-Hm14860140-41840,Harry Marie,Hon Every-Day Series Multi-Task Chairs,Central Us,657.93,-93.99
Ca-2014-Hm14860140-41840,Harry Marie,"Inter-Office Recycled Envelopes, Brown Kraft, Button-String,10"" X 13"" , 100/Box",Central Us,87.92,29.673
Ca-2014-Jc16105140-41960,Julie Creighton,Fellowes Desktop Hanging File Manager,Central Us,67.15,16.7875
Ca-2014-Jd16015140-41986,Joy Daniels,Assorted Color Push Pins,Central Us,2.896,0.4706
Ca-2014-Jd16015140-41986,Joy Daniels,Avery Heavy-Duty Ezd View Binder With Locking Rings,Central Us,5.104,-8.6768
Ca-2014-Jd16015140-41986,Joy Daniels,Belkin Standard 104 Key Usb Keyboard,Central Us,35.016,-2.1885
Ca-2014-Je15715140-41875,Joe Elijah,"Square Ring Data Binders, Rigid 75 Pt. Covers, 11"" X 14-7/8""",Central Us,12.384,-19.8144
Ca-2014-Je15715140-41875,Joe Elijah,"Wilson Jones Elliptical Ring 3 1/2"" Capacity Binders, 800 Sheets",Central Us,25.68,-39.804
Ca-2014-Jf15415140-41806,Jennifer Ferguson,Xerox 1892,Central Us,62.016,22.4808
Ca-2014-Jg15805140-41733,John Grady,Adjustable Personal File Tote,Central Us,52.096,3.9072
Ca-2014-Jg15805140-41733,John Grady,"Tenex File Box, Personal Filing Tote With Lid, Black",Central Us,49.632,3.7224
Ca-2014-Jg15805140-41918,John Grady,"Fellowes Personal Hanging Folder Files, Navy",Central Us,107.44,10.744
Ca-2014-Jh543023-41914,Jennifer Halladay,"Memorex Mouse, Usb",Canada,28.38,5.37
Ca-2014-Jk15730140-41960,Joe Kamberova,Bpi Conference Tables,Central Us,292.1,-175.26
Ca-2014-Jk15730140-41960,Joe Kamberova,Dana Swing-Arm Lamps,Central Us,8.544,-7.476
Ca-2014-Jk15730140-41960,Joe Kamberova,Fellowes Stor/Drawer Steel Plus Storage Drawers,Central Us,381.72,-66.801
Ca-2014-Jk15730140-41960,Joe Kamberova,Hon 4-Shelf Metal Bookcases,Central Us,424.116,-30.294
Ca-2014-Jk15730140-41960,Joe Kamberova,Wilson Jones Turn Tabs Binder Tool For Ring Binders,Central Us,2.892,-4.9164
Ca-2014-Jk609023-41941,Juliana Krohn,"Fellowes Shelving, Single Width",Canada,115.74,30.06
Ca-2014-Jl15130140-41882,Jack Lebron,Prestige Round Ring Binders,Central Us,3.648,-6.0192
Ca-2014-Jl15130140-41882,Jack Lebron,Xerox 216,Central Us,31.104,10.8864
Ca-2014-Jl15505140-41956,Jeremy Lonsdale,Avery Durable Binders,Central Us,11.52,5.6448
Ca-2014-Jl15505140-41956,Jeremy Lonsdale,Storex Duratech Recycled Plastic Frosted Binders,Central Us,12.72,6.36
Ca-2014-Js15940140-41761,Joni Sundaresam,Avery 481,Central Us,21.56,10.3488
Ca-2014-Js559523-41882,Jill Stevenson,"Apple Signal Booster, Full Size",Canada,137.94,6.87
Ca-2014-Kb16585140-41867,Ken Black,Xerox 203,Central Us,15.552,5.4432
Ca-2014-Kb16600140-42002,Ken Brennan,Newell 350,Central Us,9.84,2.8536
Ca-2014-Kd16270140-41953,Karen Daniels,"Boston Electric Pencil Sharpener, Model 1818, Charcoal Black",Central Us,67.56,6.756
Ca-2014-Kd16270140-41953,Karen Daniels,Classic Ivory Antique Telephone Zl1810,Central Us,241.176,15.0735
Ca-2014-Kd16270140-41953,Karen Daniels,Gbc Docubind Tl300 Electric Binding System,Central Us,896.99,-1480.0335
Ca-2014-Kd16270140-41953,Karen Daniels,Geemarc Amplipower60,Central Us,148.48,16.704
Ca-2014-Kd16270140-41953,Karen Daniels,"Universal Recycled Hanging Pressboard Report Binders, Letter Size",Central Us,1.234,-1.9744
Ca-2014-Kd16270140-41953,Karen Daniels,"Wirebound Message Book, 4 Per Page",Central Us,21.72,7.8735
Ca-2014-Kd16270140-41953,Karen Daniels,Xerox 1893,Central Us,262.336,95.0968
Ca-2014-Kh16330140-41763,Katharine Harms,Eldon Portable Mobile Manager,Central Us,45.248,3.9592
Ca-2014-Kh16360140-41779,Katherine Hughes,"Adams Telephone Message Books, 5 1/4” X 11”",Central Us,4.832,1.6308
Ca-2014-Kh16360140-41779,Katherine Hughes,Global Deluxe Steno Chair,Central Us,107.772,-29.2524
Ca-2014-Kh16360140-41779,Katherine Hughes,Ibico Plastic Spiral Binding Combs,Central Us,18.24,-31.008
Ca-2014-Kh16360140-41779,Katherine Hughes,Staples,Central Us,56.064,21.024
Ca-2014-Kh16510140-41865,Keith Herrera,Gbc Durable Plastic Covers,Central Us,30.96,-52.632
Ca-2014-Kh669023-41828,Kristen Hastings,"Sanford Canvas, Fluorescent",Canada,51.78,19.14
Ca-2014-Km16375140-41839,Katherine Murray,Hon 5400 Series Task Chairs For Big And Tall,Central Us,981.372,-140.196
Ca-2014-Km16375140-41839,Katherine Murray,Letter Size Cart,Central Us,342.864,38.5722
Ca-2014-Km16375140-41839,Katherine Murray,Westinghouse Clip-On Gooseneck Lamps,Central Us,16.74,-14.229
Ca-2014-Km16720140-41746,Kunst Miller,Cameo Buff Policy Envelopes,Central Us,149.352,50.4063
Ca-2014-Km16720140-41746,Kunst Miller,Dmi Arturo Collection Mission-Style Design Wood Chair,Central Us,317.058,-18.1176
Ca-2014-Km16720140-41746,Kunst Miller,Kensington Expert Mouse Optical Usb Trackball For Pc Or Mac,Central Us,227.976,28.497
Ca-2014-Km16720140-41746,Kunst Miller,Prang Dustless Chalk Sticks,Central Us,2.688,1.008
Ca-2014-Kt16465140-41889,Kean Takahito,"Geographics Note Cards, Blank, White, 8 1/2"" X 11""",Central Us,17.904,6.2664
Ca-2014-Kt16465140-41889,Kean Takahito,Safco Arco Folding Chair,Central Us,966.7,-13.81
Ca-2014-Kt16465140-41889,Kean Takahito,"Snap-A-Way Black Print Carbonless Ruled Speed Letter, Triplicate",Central Us,182.112,61.4628
Ca-2014-Lc16930140-41691,Linda Cazamias,Enermax Briskie Rf Wireless Keyboard And Mouse Combo,Central Us,62.31,22.4316
Ca-2014-Lc16930140-41691,Linda Cazamias,"Master Caster Door Stop, Brown",Central Us,20.32,6.9088
Ca-2014-Lc714023-41943,Logan Currie,"Canon Copy Machine, Color",Canada,527.16,131.76
Ca-2014-Lc714023-41943,Logan Currie,"Okidata Printer, White",Canada,266.91,2.64
Ca-2014-Lc714023-41943,Logan Currie,"Smead File Cart, Single Width",Canada,128.43,1.26
Ca-2014-Lf17185140-41845,Luke Foster,Acco 6 Outlet Guardian Standard Surge Suppressor,Central Us,4.836,-12.09
Ca-2014-Lf17185140-41845,Luke Foster,Dax Clear Channel Poster Frame,Central Us,17.496,-10.0602
Ca-2014-Lf17185140-41845,Luke Foster,Gbc Docubind P400 Electric Binding System,Central Us,2177.584,-3701.8928
Ca-2014-Lf17185140-41845,Luke Foster,Gbc Instant Index System For Binding Systems,Central Us,8.88,-13.32
Ca-2014-Lf17185140-41845,Luke Foster,Gbc Premium Transparent Covers With Diagonal Lined Pattern,Central Us,16.784,-26.8544
Ca-2014-Lf17185140-41845,Luke Foster,Microsoft Natural Keyboard Elite,Central Us,431.136,-26.946
Ca-2014-Lf17185140-41978,Luke Foster,12-1/2 Diameter Round Wall Clock,Central Us,23.976,-14.3856
Ca-2014-Ls16975140-41931,Lindsay Shagiari,"24 Capacity Maxi Data Binder Racks, Pearl",Central Us,505.32,31.5825
Ca-2014-Ls16975140-41931,Lindsay Shagiari,"Avery 4027 File Folder Labels For Dot Matrix Printers, 5000 Labels Per Box, White",Central Us,24.424,7.9378
Ca-2014-Ls16975140-41931,Lindsay Shagiari,Logitech Wireless Performance Mouse Mx For Pc And Mac,Central Us,319.968,71.9928
Ca-2014-Ls16975140-41931,Lindsay Shagiari,Satellite Sectional Post Binders,Central Us,8.682,-14.7594
Ca-2014-Ls16975140-41931,Lindsay Shagiari,Wirebound Voice Message Log Book,Central Us,3.808,1.2376
Ca-2014-Ls724523-41778,Lynn Smith,"Deflect-O Stacking Tray, Erganomic",Canada,22.32,0.87
Ca-2014-Ma17560140-41858,Matt Abelman,"Acco Smartsocket Table Surge Protector, 6 Color-Coded Adapter Outlets",Central Us,167.535,37.23
Ca-2014-Ma17560140-41858,Matt Abelman,Globe Weis Peel & Seel First Class Envelopes,Central Us,38.34,17.253
Ca-2014-Ma17560140-41858,Matt Abelman,Motorola Droid Maxx,Central Us,299.98,83.9944
Ca-2014-Ma17560140-41858,Matt Abelman,Nu-Dell Float Frame 11 X 14 1/2,Central Us,53.88,22.6296
Ca-2014-Ma17560140-41858,Matt Abelman,Sharp 1540Cs Digital Laser Copier,Central Us,549.99,274.995
Ca-2014-Mc17425140-41788,Mark Cousins,Brother Dcp1000 Digital 3 In 1 Multifunction Machine,Central Us,719.976,134.9955
Ca-2014-Mc17575140-41974,Matt Collins,Staples,Central Us,2.394,-6.3441
Ca-2014-Mc17590140-41778,Matt Collister,Contemporary Borderless Frame,Central Us,10.332,-5.9409
Ca-2014-Mc17590140-41778,Matt Collister,Rogers Profile Extra Capacity Storage Tub,Central Us,66.96,-13.392
Ca-2014-Mc17590140-41778,Matt Collister,Sandisk Ultra 16 Gb Microsdhc Class 10 Memory Card,Central Us,20.784,-3.6372
Ca-2014-Mc17590140-41778,Matt Collister,Xerox 213,Central Us,10.368,3.6288
Ca-2014-Mc17590140-41967,Matt Collister,Avery 52,Central Us,5.904,1.9926
Ca-2014-Mc17590140-41967,Matt Collister,Avery 520,Central Us,2.52,0.882
Ca-2014-Mc17590140-41967,Matt Collister,Bretford Cr4500 Series Slim Rectangular Table,Central Us,1218.735,-121.8735
Ca-2014-Mc17590140-41967,Matt Collister,Keytronic Kt400U2 - Keyboard - Black,Central Us,24.672,0
Ca-2014-Mc17590140-41967,Matt Collister,"Master Caster Door Stop, Brown",Central Us,6.096,-3.9624
Ca-2014-Mc17590140-41967,Matt Collister,Southworth 25% Cotton Granite Paper & Envelopes,Central Us,15.696,5.1012
Ca-2014-Mc17635140-41975,Matthew Clasen,Xerox 214,Central Us,25.92,12.4416
Ca-2014-Mc18100140-41987,Mick Crebagga,Arkon Windshield Dashboard Air Vent Car Mount Holder,Central Us,40.68,-9.153
Ca-2014-Mc18100140-41987,Mick Crebagga,"Lifetime Advantage Folding Chairs, 4/Carton",Central Us,763.28,-21.808
Ca-2014-Me17725140-41831,Max Engle,"Verbatim 25 Gb 6X Blu-Ray Single Layer Recordable Disc, 1/Pack",Central Us,23.84,3.278
Ca-2014-Me17725140-41831,Max Engle,Xerox 1949,Central Us,35.856,12.9978
Ca-2014-Me18010140-41995,Michelle Ellison,Xerox 2000,Central Us,5.184,1.8144
Ca-2014-Mg17875140-41694,Michael Grace,Gbc Plastic Binding Combs,Central Us,4.428,-6.8634
Ca-2014-Mg17875140-41694,Michael Grace,Staples,Central Us,6.936,2.3409
Ca-2014-Mg17890140-42001,Michael Granlund,"Master Caster Door Stop, Large Brown",Central Us,8.736,-4.8048
Ca-2014-Mg18145140-41726,Mike Gockenbach,Bush Advantage Collection Racetrack Conference Table,Central Us,890.841,-152.7156
Ca-2014-Mh744023-41985,Mark Haberlin,"Acco Binder, Economy",Canada,30.3,4.2
Ca-2014-Mh744023-41985,Mark Haberlin,"Eldon File Cart, Industrial",Canada,127.89,15.33
Ca-2014-Mh744023-41985,Mark Haberlin,"Enermax Mouse, Usb",Canada,162,19.44
Ca-2014-Mh744023-41985,Mark Haberlin,"Hon Round Labels, Alphabetical",Canada,6.48,0.06
Ca-2014-Mk17905140-41960,Michael Kennedy,Office Star - Mesh Screen Back Chair With Vinyl Seat,Central Us,392.94,43.2234
Ca-2014-Mk790523-41658,Michael Kennedy,"Stockwell Clamps, Assorted Sizes",Canada,16.29,5.7
Ca-2014-Ml775523-41811,Max Ludwig,"Ibico Binding Machine, Clear",Canada,50.88,23.4
Ca-2014-Mm17920140-41907,Michael Moore,"Maxell Pro 80 Minute Cd-R, 10/Pack",Central Us,153.824,38.456
Ca-2014-Mm18055140-41784,Michelle Moray,Dixon Ticonderoga Erasable Checking Pencils,Central Us,13.392,3.1806
Ca-2014-Mm18055140-41784,Michelle Moray,Global Commerce Series Low-Back Swivel/Tilt Chairs,Central Us,359.772,-5.1396
Ca-2014-Mm18055140-41784,Michelle Moray,"Safco Mobile Desk Side File, Wire Frame",Central Us,102.624,7.6968
Ca-2014-Mm726023-41641,Magdelene Morse,"Okidata Inkjet, Wireless",Canada,314.22,3.12
Ca-2014-Mn17935140-41687,Michael Nguyen,"Holmes Cool Mist Humidifier For The Whole House With 8-Gallon Output Per Day, Extended Life Filter",Central Us,7.96,-13.93
Ca-2014-Mn17935140-41687,Michael Nguyen,Wilson Jones Easy Flow Ii Sheet Lifters,Central Us,1.08,-1.728
Ca-2014-Mn17935140-41830,Michael Nguyen,Polycom Vvx 310 Voip Phone,Central Us,575.968,43.1976
Ca-2014-Mn17935140-41830,Michael Nguyen,Xerox 200,Central Us,10.368,3.6288
Ca-2014-Mp17470140-41727,Mark Packer,Airmail Envelopes,Central Us,335.72,113.3055
Ca-2014-Mp17470140-41727,Mark Packer,"Global Stack Chair Without Arms, Black",Central Us,127.302,-9.093
Ca-2014-Mp17470140-41727,Mark Packer,Innergie Mmini Combo Duo Usb Travel Charging Kit,Central Us,251.944,88.1804
Ca-2014-Mp17470140-41959,Mark Packer,Global Super Steno Chair,Central Us,479.9,81.583
Ca-2014-Ms17365140-41890,Maribeth Schnelling,Alphabetical Labels For Top Tab Filing,Central Us,103.6,51.8
Ca-2014-Ms17365140-41949,Maribeth Schnelling,"Accohide 3-Ring Binder, Blue, 1""",Central Us,12.39,5.8233
Ca-2014-Ms17365140-41949,Maribeth Schnelling,Belkin 8 Outlet Surge Protector,Central Us,245.88,68.8464
Ca-2014-Ms17365140-41949,Maribeth Schnelling,Portable Personal File Box,Central Us,36.63,9.8901
Ca-2014-Ms17365140-41949,Maribeth Schnelling,X-Rack File For Hanging Folders,Central Us,22.58,5.8708
Ca-2014-Ms17710140-41732,Maurice Satty,Advantus Panel Wall Acrylic Frame,Central Us,5.47,2.3521
Ca-2014-Ms17710140-41732,Maurice Satty,Newell 319,Central Us,79.36,23.808
Ca-2014-Ms17830140-41649,Melanie Seite,Memorex Micro Travel Drive 8 Gb,Central Us,31.2,9.75
Ca-2014-Ms17830140-41649,Melanie Seite,Newell 312,Central Us,9.344,1.168
Ca-2014-Ms17980140-41819,Michael Stewart,Staples,Central Us,21.312,7.1928
Ca-2014-Ms17980140-41819,Michael Stewart,Xerox 225,Central Us,25.92,9.072
Ca-2014-Mv18190140-41670,Mike Vittorini,Space Solutions Hd Industrial Steel Shelving.,Central Us,229.94,6.8982
Ca-2014-Mv18190140-41670,Mike Vittorini,Xerox 1972,Central Us,10.56,4.752
Ca-2014-Mw18220140-41961,Mitch Webber,Jabra Speak 410,Central Us,281.97,78.9516
Ca-2014-Mw18220140-41961,Mitch Webber,Recycled Steel Personal File For Standard File Folders,Central Us,221.16,57.5016
Ca-2014-Nb858023-41816,Nicole Brennan,"Bic Sketch Pad, Fluorescent",Canada,99.84,32.94
Ca-2014-Nc18340140-41762,Nat Carroll,Boston Home & Office Model 2000 Electric Pencil Sharpeners,Central Us,37.84,2.838
Ca-2014-Nc18340140-41762,Nat Carroll,Oic Thumb-Tacks,Central Us,5.472,1.8468
Ca-2014-Nc18415140-41999,Nathan Cano,Gbc Standard Therm-A-Bind Covers,Central Us,4.984,-8.4728
Ca-2014-Nc18625140-41940,Noah Childs,Maxell 4.7Gb Dvd+R 5/Pack,Central Us,1.98,0.891
Ca-2014-Nc18625140-41940,Noah Childs,"Snap-A-Way Black Print Carbonless Ruled Speed Letter, Triplicate",Central Us,75.88,35.6636
Ca-2014-Nc862523-41944,Noah Childs,"Ibico Binding Machine, Economy",Canada,102.84,9.24
Ca-2014-Ng18355140-41966,Nat Gilpin,"Adams Telephone Message Book W/Frequently-Called Numbers Space, 400 Messages Per Book",Central Us,15.96,7.98
Ca-2014-Ng18355140-41966,Nat Gilpin,"Dot Matrix Printer Tape Reel Labels, White, 5000/Box",Central Us,196.62,96.3438
Ca-2014-Ng18355140-41966,Nat Gilpin,"Hunt Powerhouse Electric Pencil Sharpener, Blue",Central Us,151.92,45.576
Ca-2014-Ng18355140-41966,Nat Gilpin,Xerox 1885,Central Us,144.12,69.1776
Ca-2014-Ng18430140-41975,Nathan Gelder,Jabra Supreme Plus Driver Edition Headset,Central Us,479.96,134.3888
Ca-2014-Np18700140-41994,Nora Preis,Economy Rollaway Files,Central Us,132.16,9.912
Ca-2014-Np18700140-41994,Nora Preis,Recycled Easel Ring Binders,Central Us,17.904,-31.332
Ca-2014-Np18700140-41994,Nora Preis,White Computer Printout Paper By Universal,Central Us,124.032,44.9616
Ca-2014-Nr18550140-41796,Nick Radford,"Bevis Round Conference Table Top, X-Base",Central Us,268.935,-209.7693
Ca-2014-Pa19060140-41775,Pete Armstrong,Surelock Post Binders,Central Us,91.68,45.84
Ca-2014-Pb19105140-41957,Peter Bühler,Ames Color-File Green Diamond Border X-Ray Mailers,Central Us,604.656,204.0714
Ca-2014-Pb880523-41951,Patrick Bzostek,"Startech Inkjet, Wireless",Canada,603.54,18.06
Ca-2014-Pg18820140-41840,Patrick Gardner,Griffin Gc17055 Auxiliary Audio Cable,Central Us,35.98,10.0744
Ca-2014-Pg18895140-41769,Paul Gonzalez,"Deflect-O Economat Studded, No Bevel Mat For Low Pile Carpeting",Central Us,66.112,-84.2928
Ca-2014-Pg18895140-41769,Paul Gonzalez,Sandisk Cruzer 64 Gb Usb Flash Drive,Central Us,58.112,7.264
Ca-2014-Pg18895140-41769,Paul Gonzalez,Xblue Xb-1670-86 X16 Small Office Telephone - Titanium,Central Us,100.792,6.2995
Ca-2014-Pk19075140-41953,Pete Kriz,"Stur-D-Stor Shelving, Vertical 5-Shelf: 72""H X 36""W X 18 1/2""D",Central Us,665.88,13.3176
Ca-2014-Pm18940140-41762,Paul Macintyre,Fellowes Binding Cases,Central Us,46.8,21.06
Ca-2014-Po18850140-41944,Patrick O'Brill,"Logitech B530 Usb Headset - Headset - Full Size, Binaural",Central Us,88.776,7.7679
Ca-2014-Po18865140-41931,Patrick O'Donnell,"Gould Plastics 9-Pocket Panel Bin, 18-3/8W X 5-1/4D X 20-1/2H, Black",Central Us,211.96,8.4784
Ca-2014-Po19195140-41644,Phillina Ober,Avery 508,Central Us,11.784,4.2717
Ca-2014-Po19195140-41644,Phillina Ober,Gbc Standard Plastic Binding Systems Combs,Central Us,3.54,-5.487
Ca-2014-Po19195140-41644,Phillina Ober,Safco Boltless Steel Shelving,Central Us,272.736,-64.7748
Ca-2014-Po918023-41847,Philisse Overcash,"Advantus Paper Clips, Bulk Pack",Canada,56.28,8.4
Ca-2014-Ps18760140-41804,Pamela Stobb,Xerox 1902,Central Us,36.544,11.8768
Ca-2014-Pv18985140-41831,Paul Van Hugh,Fluorescent Highlighters By Dixon,Central Us,22.288,3.9004
Ca-2014-Pv18985140-41831,Paul Van Hugh,Hon Deluxe Fabric Upholstered Stacking Chairs,Central Us,512.358,-14.6388
Ca-2014-Pv18985140-41831,Paul Van Hugh,Stockwell Push Pins,Central Us,3.488,0.5668
Ca-2014-Pv18985140-41831,Paul Van Hugh,Xerox 195,Central Us,16.032,5.6112
Ca-2014-Ra19285140-41985,Ralph Arnett,Acme Value Line Scissors,Central Us,2.92,0.365
Ca-2014-Ra19915140-41819,Russell Applegate,Bic Brite Liner Grip Highlighters,Central Us,5.248,1.64
Ca-2014-Ra988523-41890,Ruben Ausman,"Avery Shipping Labels, Laser Printer Compatible",Canada,23.7,3.3
Ca-2014-Rb19435140-41966,Richard Bierner,Memorex Mini Travel Drive 16 Gb Usb 2.0 Flash Drive,Central Us,111.79,43.5981
Ca-2014-Rb19465140-41711,Rick Bensley,Hewlett-Packard Deskjet 6540 Color Inkjet Printer,Central Us,574.91,156.047
Ca-2014-Rb19465140-41711,Rick Bensley,Xerox 1963,Central Us,8.448,2.64
Ca-2014-Rb19465140-41888,Rick Bensley,Akro-Mils 12-Gallon Tote,Central Us,19.86,5.7594
Ca-2014-Rb19465140-41888,Rick Bensley,Avery Recycled Flexi-View Covers For Binding Systems,Central Us,32.06,15.3888
Ca-2014-Rb19465140-41888,Rick Bensley,Ki Adjustable-Height Table,Central Us,429.9,111.774
Ca-2014-Rb19465140-41888,Rick Bensley,"Padded Folding Chairs, Black, 4/Carton",Central Us,161.96,45.3488
Ca-2014-Rb19795140-41792,Ross Baird,Security-Tint Envelopes,Central Us,15.28,7.4872
Ca-2014-Rd19900140-41733,Ruben Dartt,"Binney & Smith Crayola Metallic Colored Pencils, 8-Color Set",Central Us,13.89,4.5837
Ca-2014-Rd19900140-41733,Ruben Dartt,"Fellowes Twister Kit, Gray/Clear, 3/Pkg",Central Us,40.2,18.09
Ca-2014-Rd19900140-41733,Ruben Dartt,Space Solutions Hd Industrial Steel Shelving.,Central Us,689.82,20.6946
Ca-2014-Rd19900140-41733,Ruben Dartt,Stanley Contemporary Battery Pencil Sharpeners,Central Us,26.7,7.476
Ca-2014-Rd19930140-41914,Russell D'Ascenzo,Avery Hidden Tab Dividers For Binding Systems,Central Us,1.788,-3.0396
Ca-2014-Rd19930140-41914,Russell D'Ascenzo,Colored Push Pins,Central Us,4.344,0.8688
Ca-2014-Rd19930140-41914,Russell D'Ascenzo,Dax Natural Wood-Tone Poster Frame,Central Us,31.776,-19.0656
Ca-2014-Rd19930140-41914,Russell D'Ascenzo,Smead Alpha-Z Color-Coded Second Alphabetical Labels And Starter Set,Central Us,4.928,1.7248
Ca-2014-Rd19930140-41914,Russell D'Ascenzo,Sterling Rubber Bands By Alliance,Central Us,15.072,-3.768
Ca-2014-Rd966023-41726,Robert Dilbeck,"Safco Swivel Stool, Adjustable",Canada,170.43,81.78
Ca-2014-Rd966023-41726,Robert Dilbeck,"Wilson Jones Hole Reinforcements, Economy",Canada,4.53,2.25
Ca-2014-Re19450140-41792,Richard Eichhorn,Avery 513,Central Us,15.936,5.1792
Ca-2014-Re19450140-41792,Richard Eichhorn,"Contract Clock, 14"", Brown",Central Us,61.544,-40.0036
Ca-2014-Re19450140-41792,Richard Eichhorn,Recycled Steel Personal File For Standard File Folders,Central Us,132.696,9.9522
Ca-2014-Rf19840140-41954,Roy Französisch,"Personal Filing Tote With Lid, Black/Gray",Central Us,49.632,4.9632
Ca-2014-Rh19510140-41958,Rick Huthwaite,Jawbone Mini Jambox Wireless Bluetooth Speaker,Central Us,273.96,10.9584
Ca-2014-Rm19375140-41769,Raymond Messe,Logitech Clearchat Comfort/Usb Headset H390,Central Us,46.864,7.6154
Ca-2014-Rp19390140-41973,Resi Pölking,"Hunt Boston Vista Battery-Operated Pencil Sharpener, Black",Central Us,46.64,12.5928
Ca-2014-Rp19390140-41973,Resi Pölking,Office Star - Professional Matrix Back Chair With 2-To-1 Synchro Tilt And Mesh Fabric Seat,Central Us,2807.84,673.8816
Ca-2014-Rw19630140-41817,Rob Williams,Staples,Central Us,6.08,3.04
Ca-2014-Rw19630140-42003,Rob Williams,"Bic Brite Liner Grip Highlighters, Assorted, 5/Pack",Central Us,29.68,11.5752
Ca-2014-Rw19630140-42003,Rob Williams,Sabrent 4-Port Usb 2.0 Hub,Central Us,47.53,16.1602
Ca-2014-Sa1083023-41908,Sue Ann Reed,"Bic Markers, Fluorescent",Canada,55.38,4.38
Ca-2014-Sa20830140-41940,Sue Ann Reed,Apple Iphone 5S,Central Us,2735.952,341.994
Ca-2014-Sb20185140-41901,Sarah Brown,"Bush Heritage Pine Collection 5-Shelf Bookcase, Albany Pine Finish, *Special Order",Central Us,493.43,-70.49
Ca-2014-Sb20185140-41901,Sarah Brown,Qvs Usb Car Charger 2-Port 2.1Amp For Ipod/Iphone/Ipad/Ipad 2/Ipad 3,Central Us,11.12,3.475
Ca-2014-Sc20020140-41700,Sam Craven,3.6 Cubic Foot Counter Height Office Refrigerator,Central Us,176.772,-459.6072
Ca-2014-Sc20020140-41809,Sam Craven,"Array Parchment Paper, Assorted Colors",Central Us,11.648,4.0768
Ca-2014-Sc20020140-41809,Sam Craven,"Hon Metal Bookcases, Black",Central Us,193.0656,-19.8744
Ca-2014-Sc20020140-41809,Sam Craven,Htc One Mini,Central Us,201.584,20.1584
Ca-2014-Sc20020140-41809,Sam Craven,Okidata C331Dn Printer,Central Us,418.8,-97.72
Ca-2014-Sc20020140-41809,Sam Craven,Safco Industrial Wire Shelving System,Central Us,509.488,-127.372
Ca-2014-Sc20020140-41809,Sam Craven,Storex Duratech Recycled Plastic Frosted Binders,Central Us,3.392,-5.088
Ca-2014-Sc20020140-41809,Sam Craven,Xerox 2,Central Us,15.552,5.4432
Ca-2014-Sc20020140-41952,Sam Craven,Acco Perma 3000 Stacking Storage Drawers,Central Us,62.94,11.9586
Ca-2014-Sc20020140-41952,Sam Craven,"Avery Hi-Liter Comfort Grip Fluorescent Highlighter, Yellow Ink",Central Us,3.9,1.521
Ca-2014-Sc20020140-41952,Sam Craven,Hon Every-Day Series Multi-Task Chairs,Central Us,563.94,112.788
Ca-2014-Sc20020140-41952,Sam Craven,"Hot File 7-Pocket, Floor Stand",Central Us,535.41,160.623
Ca-2014-Sc20020140-41952,Sam Craven,Xerox 199,Central Us,12.84,5.778
Ca-2014-Sc20020140-41952,Sam Craven,Xerox 4200 Series Multiuse Premium Copy Paper (20Lb. And 84 Bright),Central Us,15.84,7.128
Ca-2014-Sc20095140-41904,Sanjit Chand,Carina Double Wide Media Storage Towers In Natural & Black,Central Us,404.9,16.196
Ca-2014-Sc20095140-41904,Sanjit Chand,Gbc Instant Report Kit,Central Us,12.94,6.47
Ca-2014-Sc20095140-41904,Sanjit Chand,Ibico Epk-21 Electric Binding System,Central Us,9449.95,4630.4755
Ca-2014-Sc20095140-41904,Sanjit Chand,Xerox 217,Central Us,32.4,15.552
Ca-2014-Sc20305140-41988,Sean Christensen,Longer-Life Soft White Bulbs,Central Us,8.624,-2.5872
Ca-2014-Sc20305140-41988,Sean Christensen,Razer Kraken 7.1 Surround Sound Over Ear Usb Gaming Headset,Central Us,319.968,95.9904
Ca-2014-Sc20380140-41698,Shahid Collister,Dax Black Cherry Wood-Tone Poster Frame,Central Us,63.552,-34.9536
Ca-2014-Sc20380140-41698,Shahid Collister,Fellowes Bankers Box Recycled Super Stor/Drawer,Central Us,129.552,-22.6716
Ca-2014-Sc20380140-41698,Shahid Collister,Harbour Creations Steel Folding Chair,Central Us,362.25,0
Ca-2014-Sc20380140-41698,Shahid Collister,Plymouth Boxed Rubber Bands By Plymouth,Central Us,18.84,-3.5325
Ca-2014-Sc20575140-41805,Sonia Cooley,"Global Geo Office Task Chair, Gray",Central Us,647.84,32.392
Ca-2014-Sc20695140-41988,Steve Chapman,Xerox 1929,Central Us,114.2,52.532
Ca-2014-Sc20725140-41949,Steven Cartwright,Acme Stainless Steel Office Snips,Central Us,40.712,3.5623
Ca-2014-Sc20725140-41949,Steven Cartwright,"Avery Triangle Shaped Sheet Lifters, Black, 2/Pack",Central Us,1.476,-2.214
Ca-2014-Sc20725140-41949,Steven Cartwright,"Hon Deluxe Fabric Upholstered Stacking Chairs, Squared Back",Central Us,683.144,0
Ca-2014-Sf20200140-41995,Sarah Foster,Belkin F9H710-06 7 Outlet Surgemaster Surge Protector,Central Us,207.24,58.0272
Ca-2014-Sg20605140-41663,Speros Goranitis,"Alliance Big Bands Rubber Bands, 12/Pack",Central Us,5.94,0
Ca-2014-Sg20605140-41991,Speros Goranitis,Rca Visys 25425Re1 Corded Phone,Central Us,323.976,36.4473
Ca-2014-Sg20605140-41991,Speros Goranitis,"Rogers Jumbo File, Granite",Central Us,32.592,-7.7406
Ca-2014-Sg20605140-41991,Speros Goranitis,Xerox 229,Central Us,15.552,5.4432
Ca-2014-Sm20950140-41943,Suzanne Mcnair,Southworth Parchment Paper & Envelopes,Central Us,15.696,5.1012
Ca-2014-Sn1056023-41688,Skye Norling,"Acme Box Cutter, Steel",Canada,37.2,13.02
Ca-2014-Sn1056023-41688,Skye Norling,"Cuisinart Microwave, White",Canada,276.6,30.42
Ca-2014-Sn1056023-41688,Skye Norling,"Kitchenaid Blender, Black",Canada,96.99,36.84
Ca-2014-Sn1056023-41688,Skye Norling,"Sandisk Note Cards, 8.5 X 11",Canada,29.73,7.71
Ca-2014-Sp20620140-42002,Stefania Perrino,Acco Hanging Data Binders,Central Us,2.286,-3.6576
Ca-2014-Sp20620140-42002,Stefania Perrino,At&T 1080 Corded Phone,Central Us,328.776,28.7679
Ca-2014-Sp20620140-42002,Stefania Perrino,Fashion Color Clasp Envelopes,Central Us,12.984,4.7067
Ca-2014-Sp20620140-42002,Stefania Perrino,Logitech 910-002974 M325 Wireless Mouse For Web Scrolling,Central Us,47.984,14.3952
Ca-2014-Sp20620140-42002,Stefania Perrino,"Plantronics Cs 50-Usb - Headset - Convertible, Monaural",Central Us,217.584,19.0386
Ca-2014-Sp20860140-41987,Sung Pak,Dana Swing-Arm Lamps,Central Us,8.544,-7.476
Ca-2014-Sr20425140-41803,Sharelle Roach,"Hon Metal Bookcases, Gray",Central Us,212.94,57.4938
Ca-2014-Ss20140140-41965,Saphhira Shifley,"Conquest 14 Commercial Heavy-Duty Upright Vacuum, Collection System, Accessory Kit",Central Us,34.176,-87.1488
Ca-2014-Ss20140140-41965,Saphhira Shifley,Maxell 4.7Gb Dvd-R 5/Pack,Central Us,5.544,1.6632
Ca-2014-Ss20140140-41965,Saphhira Shifley,Staples,Central Us,6.368,-2.5472
Ca-2014-Ss20410140-41788,Shahid Shariari,Chromcraft Rectangular Conference Tables,Central Us,355.455,-184.8366
Ca-2014-Ss20410140-41888,Shahid Shariari,Acco Hot Clips Clips To Go,Central Us,13.16,4.1125
Ca-2014-Ss20410140-41888,Shahid Shariari,Avery Heavy-Duty Ezd View Binder With Locking Rings,Central Us,3.828,-6.5076
Ca-2014-Ss20410140-41888,Shahid Shariari,Ibico Hi-Tech Manual Binding System,Central Us,304.99,-533.7325
Ca-2014-St20530140-41685,Shui Tom,"Memo Book, 100 Message Capacity, 5 3/8” X 11”",Central Us,16.176,6.066
Ca-2014-Sv20365140-41748,Seth Vernon,Bush Advantage Collection Round Conference Table,Central Us,744.1,-95.67
Ca-2014-Sv20365140-41748,Seth Vernon,"Personal Folder Holder, Ebony",Central Us,44.84,5.605
Ca-2014-Sv20365140-41748,Seth Vernon,Riverside Furniture Stanwyck Manor Table Series,Central Us,401.59,-131.951
Ca-2014-Sz20035140-41888,Sam Zeldin,"Angle-D Binders With Locking Rings, Label Holders",Central Us,2.92,-4.818
Ca-2014-Sz20035140-41888,Sam Zeldin,Belkin Standard 104 Key Usb Keyboard,Central Us,46.688,-2.918
Ca-2014-Sz20035140-41888,Sam Zeldin,Dixon Ticonderoga Core-Lock Colored Pencils,Central Us,21.864,3.5529
Ca-2014-Sz20035140-41888,Sam Zeldin,Panasonic Kx Ts3282B Corded Phone,Central Us,196.776,14.7582
Ca-2014-Sz20035140-41888,Sam Zeldin,"Riverside Furniture Oval Coffee Table, Oval End Table, End Table With Drawer",Central Us,200.795,-22.948
Ca-2014-Tb1128023-41694,Toby Braunhardt,"Fellowes Shelving, Wire Frame",Canada,56.91,23.31
Ca-2014-Tb21175140-41980,Thomas Boland,"Companion Letter/Legal File, Black",Central Us,60.416,6.0416
Ca-2014-Tb21400140-41888,Tom Boeckenhauer,"3M Polarizing Task Lamp With Clamp Arm, Light Gray",Central Us,821.88,213.6888
Ca-2014-Tb21400140-41888,Tom Boeckenhauer,"Executive Impressions 13"" Clairmont Wall Clock",Central Us,57.69,23.6529
Ca-2014-Tb21400140-41888,Tom Boeckenhauer,"Gbc Laser Imprintable Binding System Covers, Desert Sand",Central Us,42.81,20.1207
Ca-2014-Tb21400140-41888,Tom Boeckenhauer,Plantronics Cordless Phone Headset With In-Line Volume - M214C,Central Us,104.85,28.3095
Ca-2014-Tb21400140-41888,Tom Boeckenhauer,Xerox 2000,Central Us,12.96,6.2208
Ca-2014-Tb21520140-41928,Tracy Blumstein,Case Logic 2.4Ghz Wireless Keyboard,Central Us,119.976,-17.9964
Ca-2014-Tb21520140-41928,Tracy Blumstein,"Gbc Standard Recycled Report Covers, Clear Plastic Sheets",Central Us,10.78,-17.248
Ca-2014-Tc20980140-41949,Tamara Chand,Satellite Sectional Post Binders,Central Us,26.046,-44.2782
Ca-2014-Tc20980140-41949,Tamara Chand,Staples,Central Us,74.352,26.9526
Ca-2014-Tg1131023-41828,Toby Gnade,"Ibico 3-Hole Punch, Durable",Canada,127.8,47.28
Ca-2014-Tm21010140-41692,Tamara Manning,Gbc Standard Plastic Binding Systems Combs,Central Us,8.85,-13.7175
Ca-2014-Tp1141523-41698,Tom Prescott,"Acco 3-Hole Punch, Recycled",Canada,30.48,2.73
Ca-2014-Tp1141523-41698,Tom Prescott,"Apple Speaker Phone, With Caller Id",Canada,493.2,123.24
Ca-2014-Tp1141523-41698,Tom Prescott,"Fellowes File Cart, Industrial",Canada,551.16,71.64
Ca-2014-Tp1141523-41698,Tom Prescott,"Harbour Creations Bag Chairs, Red",Canada,246.48,105.96
Ca-2014-Tp1141523-41698,Tom Prescott,"Hon Shipping Labels, 5000 Label Set",Canada,11.76,5.64
Ca-2014-Tp1141523-41698,Tom Prescott,"Oic Push Pins, Assorted Sizes",Canada,12.36,2.46
Ca-2014-Ts21205140-41981,Thomas Seio,Astroparche Fine Business Paper,Central Us,8.448,2.9568
Ca-2014-Ts21205140-41981,Thomas Seio,Tripp Lite Tlp810Net Broadband Surge For Modem/Fax,Central Us,20.388,-53.0088
Ca-2014-Vf21715140-41698,Vicky Freymann,"Black Print Carbonless 8 1/2"" X 8 1/4"" Rapid Memo Book",Central Us,17.472,5.6784
Ca-2014-Vf21715140-41698,Vicky Freymann,Novimex Swivel Fabric Task Chair,Central Us,634.116,-172.1172
Ca-2014-Vg21805140-41903,Vivek Grady,"Safco Commercial Wire Shelving, Black",Central Us,331.536,-82.884
Ca-2014-Vp21760140-41917,Victoria Pisteka,Fellowes Staxonsteel Drawer Files,Central Us,386.34,54.0876
Ca-2014-Vp21760140-41981,Victoria Pisteka,"Recycled Data-Pak For Archival Bound Computer Printouts, 12-1/2 X 12-1/2 X 16",Central Us,237.096,20.7459
Ca-2014-Vp21760140-41981,Victoria Pisteka,Xerox 195,Central Us,10.688,3.7408
Ca-2014-Vs21820140-41647,Vivek Sundaresam,"Acco Four Pocket Poly Ring Binder With Label Holder, Smoke, 1""",Central Us,10.43,-18.2525
Ca-2014-Vs21820140-41647,Vivek Sundaresam,"Howard Miller 14-1/2"" Diameter Chrome Round Wall Clock",Central Us,76.728,-53.7096
Ca-2014-Vt21700140-41795,Valerie Takahito,Round Specialty Laser Printer Labels,Central Us,100.24,33.831
Ca-2014-Vw21775140-41769,Victoria Wilson,Hon Multipurpose Stacking Arm Chairs,Central Us,1212.96,-69.312
Ca-2014-Vw21775140-41834,Victoria Wilson,Advantus Push Pins,Central Us,6.54,2.6814
Ca-2014-Vw21775140-41834,Victoria Wilson,Maxell 4.7Gb Dvd-R 5/Pack,Central Us,2.97,1.3068
Ca-2014-Wb21850140-41992,William Brown,Belkin Premiere Surge Master Ii 8-Outlet Surge Protector,Central Us,19.432,-49.5516
Ca-2014-Wb21850140-41992,William Brown,Logitech Desktop Mk120 Mouse And Keyboard Combo,Central Us,65.44,-8.18
Ca-2014-Xp21865140-41660,Xylona Preis,"Acco Pressboard Covers With Storage Hooks, 9 1/2"" X 11"", Executive Red",Central Us,19.05,8.9535
Ca-2014-Xp21865140-41660,Xylona Preis,Eldon Clustermat Chair Mat With Cordless Antistatic Protection,Central Us,272.94,30.0234
Ca-2014-Xp21865140-41660,Xylona Preis,Eldon Fold 'N Roll Cart System,Central Us,13.98,4.0542
Ca-2014-Xp21865140-41660,Xylona Preis,Fellowes Bases And Tops For Staxonsteel/High-Stak Systems,Central Us,66.58,15.9792
Ca-2014-Xp21865140-41660,Xylona Preis,"Holmes Replacement Filter For Hepa Air Cleaner, Very Large Room, Hepa Filter",Central Us,247.716,93.5816
Ca-2014-Xp21865140-41660,Xylona Preis,Panasonic Kp-4Abk Battery-Operated Pencil Sharpener,Central Us,43.92,12.7368
Ca-2014-Xp21865140-41660,Xylona Preis,Storex Dura Pro Binders,Central Us,29.7,13.365
Ca-2014-Xp21865140-41660,Xylona Preis,Ultra Door Push Plate,Central Us,14.73,4.8609
Ca-2014-Zc21910140-42001,Zuschuss Carroll,Tenex Chairmats For Use With Hard Floors,Central Us,38.976,-50.6688
Ca-2015-Aa10375140-42037,Allen Armold,Coloredge Poster Frame,Central Us,28.4,11.076
Ca-2015-Aa10375140-42037,Allen Armold,Kensington Slimblade Notebook Wireless Mouse With Nano Receiver,Central Us,149.97,50.9898
Ca-2015-Aa10645140-42325,Anna Andreadi,Hon Olson Stacker Chairs,Central Us,1323.9,383.931
Ca-2015-Aa10645140-42325,Anna Andreadi,Staples,Central Us,106.32,49.9704
Ca-2015-Aa10645140-42325,Anna Andreadi,"Tennsco Stur-D-Stor Boltless Shelving, 5 Shelves, 24"" Deep, Sand",Central Us,541.24,5.4124
Ca-2015-Aa37523-42274,Allen Armold,"Cardinal Index Tab, Clear",Canada,26.88,11.28
Ca-2015-Aa48023-42162,Andrew Allen,"Hamilton Beach Stove, Red",Canada,1084.68,488.1
Ca-2015-Ab10105140-42315,Adrian Barton,Avery Recycled Flexi-View Covers For Binding Systems,Central Us,32.06,-51.296
Ca-2015-Ab10105140-42315,Adrian Barton,Canon Pc170 Desktop Personal Copier,Central Us,287.91,33.5895
Ca-2015-Ab10105140-42315,Adrian Barton,Fellowes Recycled Storage Drawers,Central Us,177.648,-28.8678
Ca-2015-Ab10105140-42315,Adrian Barton,"Gould Plastics 9-Pocket Panel Bin, 18-3/8W X 5-1/4D X 20-1/2H, Black",Central Us,84.784,-16.9568
Ca-2015-Ab10105140-42315,Adrian Barton,Lumber Crayons,Central Us,23.64,5.319
Ca-2015-Ab10105140-42315,Adrian Barton,Tenex Chairmats For Use With Hard Floors,Central Us,64.96,-84.448
Ca-2015-Ab10150140-42257,Aimee Bixby,Xerox 1952,Central Us,14.94,7.0218
Ca-2015-Ac45023-42096,Amy Cox,"Acco Binder, Clear",Canada,29.22,9.6
Ca-2015-Ac45023-42180,Amy Cox,"Wilson Jones 3-Hole Punch, Durable",Canada,117.96,24.72
Ca-2015-Af87023-42334,Art Ferguson,"Bic Canvas, Easy-Erase",Canada,107.94,36.66
Ca-2015-Af87023-42334,Art Ferguson,"Bic Pens, Water Color",Canada,17.46,7.14
Ca-2015-Ag10495140-42301,Andrew Gjertsen,Ki Conference Tables,Central Us,347.361,-69.4722
Ca-2015-Ag10495140-42301,Andrew Gjertsen,Xerox 1999,Central Us,15.552,5.4432
Ca-2015-Ag10495140-42301,Andrew Gjertsen,Xerox 2,Central Us,10.368,3.6288
Ca-2015-Ag10495140-42319,Andrew Gjertsen,"Advantus 10-Drawer Portable Organizer, Chrome Metal Frame, Smoke Drawers",Central Us,418.32,117.1296
Ca-2015-Ag10495140-42319,Andrew Gjertsen,"Holmes Replacement Filter For Hepa Air Cleaner, Very Large Room, Hepa Filter",Central Us,123.858,46.7908
Ca-2015-Ag10675140-42131,Anna Gayman,Chromcraft Round Conference Tables,Central Us,244.006,-31.3722
Ca-2015-Ag10675140-42131,Anna Gayman,Xerox 198,Central Us,15.936,5.3784
Ca-2015-Ag10765140-42317,Anthony Garverick,Avery Poly Binder Pockets,Central Us,10.74,5.1552
Ca-2015-Ag10900140-42260,Arthur Gainer,"Global Value Steno Chair, Gray",Central Us,170.072,-12.148
Ca-2015-Ag10900140-42260,Arthur Gainer,Staples,Central Us,7.824,2.934
Ca-2015-Ah10465140-42006,Amy Hunt,Enermax Acrylux Wireless Keyboard,Central Us,398.4,84.66
Ca-2015-Ah10465140-42006,Amy Hunt,Newell 317,Central Us,7.056,0.7938
Ca-2015-Ah10465140-42006,Amy Hunt,O'Sullivan Living Dimensions 5-Shelf Bookcases,Central Us,1352.3976,-437.5404
Ca-2015-Ah10690140-42128,Anna Häberlin,Shoretel Shorephone Ip 230 Voip Phone,Central Us,946.344,118.293
Ca-2015-Ah10690140-42221,Anna Häberlin,Avery Self-Adhesive Photo Pockets For Polaroid Photos,Central Us,1.362,-2.1792
Ca-2015-Ah10690140-42221,Anna Häberlin,"Eldon Expressions Wood Desk Accessories, Oak",Central Us,14.76,-11.439
Ca-2015-Ah10690140-42221,Anna Häberlin,"Perma Stor-All Hanging File Box, 13 1/8""W X 12 1/4""D X 10 1/2""H",Central Us,33.488,-1.2558
Ca-2015-Ah10690140-42221,Anna Häberlin,Stiletto Hand Letter Openers,Central Us,23.04,-4.896
Ca-2015-Ah10690140-42369,Anna Häberlin,Fellowes Presentation Covers For Comb Binding Machines,Central Us,116.4,52.38
Ca-2015-Ar10345140-42257,Alex Russell,Global Commerce Series Low-Back Swivel/Tilt Chairs,Central Us,179.886,-2.5698
Ca-2015-As10090140-42317,Adam Shillingsburg,"#10- 4 1/8"" X 9 1/2"" Recycled Envelopes",Central Us,26.22,12.3234
Ca-2015-As10090140-42317,Adam Shillingsburg,Bevis Round Conference Table Top & Single Column Base,Central Us,1024.38,215.1198
Ca-2015-As10090140-42317,Adam Shillingsburg,Binder Posts,Central Us,17.22,7.9212
Ca-2015-As10090140-42317,Adam Shillingsburg,Xerox 1978,Central Us,17.34,8.4966
Ca-2015-As13523-42133,Adrian Shami,"Rogers Folders, Industrial",Canada,187.02,26.1
Ca-2015-Aw10840140-42337,Anthony Witt,Gbc Imprintable Covers,Central Us,8.784,-13.6152
Ca-2015-Aw10840140-42337,Anthony Witt,Kingston Digital Datatraveler 16Gb Usb 2.0,Central Us,21.48,-0.2685
Ca-2015-Az75023-42284,Annie Zypern,"Eldon Trays, Single Width",Canada,96,31.68
Ca-2015-Bb10990140-42310,Barry Blumstein,Aastra 6757I Ct Wireless Voip Phone,Central Us,344.704,38.7792
Ca-2015-Bb10990140-42310,Barry Blumstein,Gbc Premium Transparent Covers With Diagonal Lined Pattern,Central Us,29.372,-46.9952
Ca-2015-Bb11545140-42160,Brenda Bowman,Xerox 1981,Central Us,10.56,4.752
Ca-2015-Bb11545140-42329,Brenda Bowman,Cardinal Hold-It Cd Pocket,Central Us,7.98,-13.167
Ca-2015-Bb11545140-42329,Brenda Bowman,"Eldon Spacemaker Box, Quick-Snap Lid, Clear",Central Us,5.344,0.7348
Ca-2015-Bb11545140-42329,Brenda Bowman,Kensington 6 Outlet Smartsocket Surge Protector,Central Us,24.588,-67.617
Ca-2015-Bb11545140-42329,Brenda Bowman,Storex Duratech Recycled Plastic Frosted Binders,Central Us,1.696,-2.544
Ca-2015-Bd11320140-42155,Bill Donatelli,Hon Pagoda Stacking Chairs,Central Us,2567.84,770.352
Ca-2015-Bd11320140-42226,Bill Donatelli,Gbc Binding Covers,Central Us,64.75,29.1375
Ca-2015-Be11455140-42261,Brad Eason,Wilson Jones Impact Binders,Central Us,25.9,12.691
Ca-2015-Bf108023-42184,Bart Folk,"Avery Index Tab, Durable",Canada,13.38,3.42
Ca-2015-Bf108023-42184,Bart Folk,"Cardinal Binder Covers, Recycled",Canada,12.36,5.55
Ca-2015-Bf108023-42184,Bart Folk,"Hewlett Wireless Fax, High-Speed",Canada,1513.56,741.6
Ca-2015-Bf108023-42184,Bart Folk,"Hoover Refrigerator, Black",Canada,525.69,162.96
Ca-2015-Bf108023-42184,Bart Folk,"Memorex Flash Drive, Usb",Canada,118.44,10.56
Ca-2015-Bf11170140-42137,Ben Ferrer,Advantus Plastic Paper Clips,Central Us,16,5.6
Ca-2015-Bf11170140-42137,Ben Ferrer,Toshiba Ipt2010-Sd Ip Telephone,Central Us,222.384,16.6788
Ca-2015-Bg11035140-42369,Barry Gonzalez,Fellowes Stor/Drawer Steel Plus Storage Drawers,Central Us,152.688,-26.7204
Ca-2015-Bg11035140-42369,Barry Gonzalez,Staples,Central Us,5.888,-1.3248
Ca-2015-Bg11035140-42369,Barry Gonzalez,Stockwell Push Pins,Central Us,3.488,0.5668
Ca-2015-Bm11650140-42286,Brian Moss,Belkin 6 Outlet Metallic Surge Strip,Central Us,29.403,5.2272
Ca-2015-Bm11650140-42286,Brian Moss,Kld Oscar Ii Style Snap-On Ultra Thin Side Flip Synthetic Leather Cover Case For Htc One Htc M7,Central Us,29.16,8.4564
Ca-2015-Bm11650140-42286,Brian Moss,Logitech G19 Programmable Gaming Keyboard,Central Us,619.95,111.591
Ca-2015-Bm11650140-42286,Brian Moss,Staples,Central Us,57.96,27.2412
Ca-2015-Bp11185140-42244,Ben Peterman,Hon 2111 Invitation Series Straight Table,Central Us,103.481,-16.2613
Ca-2015-Bp11185140-42244,Ben Peterman,Mitel Mivoice 5330E Ip Phone,Central Us,1099.96,82.497
Ca-2015-Bp115523-42125,Becky Pak,"Deflect-O Photo Frame, Black",Canada,51.9,11.4
Ca-2015-Bp115523-42125,Becky Pak,"Kraft Manila Envelope, Security-Tint",Canada,115.56,9.24
Ca-2015-Bp115523-42125,Becky Pak,"Smead Round Labels, Laser Printer Compatible",Canada,6.9,2.46
Ca-2015-Bt11305140-42360,Beth Thompson,Newell 336,Central Us,17.12,4.9648
Ca-2015-Bt11395140-42337,Bill Tyler,"Global High-Back Leather Tilter, Burgundy",Central Us,1106.91,121.7601
Ca-2015-Bt11395140-42337,Bill Tyler,Staples,Central Us,19.92,9.3624
Ca-2015-Bt11680140-42285,Brian Thompson,"Binney & Smith Inktank Desk Highlighter, Chisel Tip, Yellow, 12/Box",Central Us,3.44,0.559
Ca-2015-Bw11110140-42083,Bart Watters,Xerox 205,Central Us,51.84,24.8832
Ca-2015-Ca11965140-42329,Carol Adams,O'Sullivan Manor Hill 2-Door Library In Brianna Oak,Central Us,246.1328,-76.0116
Ca-2015-Ca11965140-42329,Carol Adams,Self-Adhesive Address Labels For Typewriters By Universal,Central Us,11.696,3.9474
Ca-2015-Ca11965140-42329,Carol Adams,Sharp 1540Cs Digital Laser Copier,Central Us,439.992,164.997
Ca-2015-Ca12055140-42252,Cathy Armstrong,"Acco Flexible Accohide Square Ring Data Binder, Dark Blue, 11 1/2"" X 14"" 7/8""",Central Us,16.27,-25.2185
Ca-2015-Ca12055140-42252,Cathy Armstrong,"Acco Four Pocket Poly Ring Binder With Label Holder, Smoke, 1""",Central Us,4.47,-7.8225
Ca-2015-Ca12055140-42252,Cathy Armstrong,Stiletto Hand Letter Openers,Central Us,69.12,-14.688
Ca-2015-Ca12775140-42349,Cynthia Arntzen,Blackberry Q10,Central Us,125.99,31.4975
Ca-2015-Ca12775140-42349,Cynthia Arntzen,Ibico Covers For Plastic Or Wire Binding Elements,Central Us,23,10.35
Ca-2015-Ca12775140-42349,Cynthia Arntzen,Maxell 4.7Gb Dvd+Rw 3/Pack,Central Us,175.23,61.3305
Ca-2015-Ca205523-42110,Cathy Armstrong,"Cisco Audio Dock, Cordless",Canada,369.84,48.06
Ca-2015-Ca205523-42110,Cathy Armstrong,"Cuisinart Microwave, Silver",Canada,558.42,0
Ca-2015-Ca205523-42110,Cathy Armstrong,"Logitech Keyboard, Programmable",Canada,73.95,7.38
Ca-2015-Cb12025140-42240,Cassandra Brandow,"Avery Durable Plastic 1"" Binders",Central Us,2.724,-4.2222
Ca-2015-Cb12025140-42240,Cassandra Brandow,Hon Racetrack Conference Tables,Central Us,918.785,-118.1295
Ca-2015-Cb12025140-42240,Cassandra Brandow,"Hot File 7-Pocket, Floor Stand",Central Us,999.432,124.929
Ca-2015-Cb12025140-42240,Cassandra Brandow,Space Solutions Commercial Steel Shelving,Central Us,724.08,-135.765
Ca-2015-Cc12100140-42245,Chad Cunningham,Logitech Desktop Mk120 Mouse And Keyboard Combo,Central Us,114.52,11.452
Ca-2015-Cc12100140-42245,Chad Cunningham,Samsung Rugby Iii,Central Us,131.98,35.6346
Ca-2015-Cc12145140-42254,Charles Crestani,"Metal Folding Chairs, Beige, 4/Carton",Central Us,47.516,-2.0364
Ca-2015-Cc12610140-42215,Corey Catlett,Eldon Profile File 'N Store Portable File Tub Letter/Legal Size Black,Central Us,61.792,6.1792
Ca-2015-Cc12685140-42300,Craig Carroll,Canon Pc-428 Personal Copier,Central Us,479.976,161.9919
Ca-2015-Cc12685140-42300,Craig Carroll,Ibico Plastic Spiral Binding Combs,Central Us,6.08,-10.336
Ca-2015-Cc12685140-42300,Craig Carroll,"Tops 4 X 6 Fluorescent Color Memo Sheets, 500 Sheets Per Pack",Central Us,60.736,20.4984
Ca-2015-Cc222023-42245,Chris Cortes,"Bic Markers, Fluorescent",Canada,27.69,2.19
Ca-2015-Cc222023-42245,Chris Cortes,"Tenex Box, Blue",Canada,16.5,4.11
Ca-2015-Ch12070140-42307,Cathy Hwang,Panasonic Kx T7736-B Digital Phone,Central Us,299.9,74.975
Ca-2015-Cj201023-42202,Caroline Jumper,"Deflect-O Frame, Erganomic",Canada,108.66,2.16
Ca-2015-Cm12655140-42082,Corinna Mitchell,"Bush Heritage Pine Collection 5-Shelf Bookcase, Albany Pine Finish, *Special Order",Central Us,383.4656,-67.6704
Ca-2015-Cm12655140-42082,Corinna Mitchell,Xerox 1919,Central Us,65.584,23.7742
Ca-2015-Cm12715140-42064,Craig Molinari,"Atlantic Metals Mobile 5-Shelf Bookcases, Custom Colors",Central Us,1227.9984,-36.1176
Ca-2015-Cm12715140-42064,Craig Molinari,Panasonic Kp-350Bk Electric Pencil Sharpener With Auto Stop,Central Us,55.328,6.2244
Ca-2015-Cs11845140-42096,Cari Sayre,Aluminum Screw Posts,Central Us,9.156,-13.734
Ca-2015-Cs11860140-42296,Cari Schnelling,Avery Printable Repositionable Plastic Tabs,Central Us,1.72,-2.838
Ca-2015-Cs12250140-42007,Chris Selesnick,"Adams Telephone Message Book W/Frequently-Called Numbers Space, 400 Messages Per Book",Central Us,39.9,19.95
Ca-2015-Cs12250140-42007,Chris Selesnick,"Gbc Standard Recycled Report Covers, Clear Plastic Sheets",Central Us,32.34,15.5232
Ca-2015-Cs12250140-42311,Chris Selesnick,"#10 Gummed Flap White Envelopes, 100/Box",Central Us,6.608,2.1476
Ca-2015-Cs213023-42083,Chad Sievert,"Tenex Stacking Tray, Durable",Canada,25.23,6.03
Ca-2015-Ct11995140-42262,Carol Triggs,Fellowes Stor/Drawer Steel Plus Storage Drawers,Central Us,190.86,11.4516
Ca-2015-Ct11995140-42262,Carol Triggs,Manco Dry-Lighter Erasable Highlighter,Central Us,24.32,8.2688
Ca-2015-Db13210140-42085,Dean Braden,Carina Double Wide Media Storage Towers In Natural & Black,Central Us,129.568,-25.9136
Ca-2015-Db13210140-42085,Dean Braden,"Verbatim 25 Gb 6X Blu-Ray Single Layer Recordable Disc, 25/Pack",Central Us,18.392,5.2877
Ca-2015-Db13210140-42085,Dean Braden,Xtralife Clearvue Slant-D Ring Binders By Cardinal,Central Us,14.112,-21.168
Ca-2015-Db13660140-42316,Duane Benoit,Wilson Jones Leather-Like Binders With Dubllock Round Rings,Central Us,10.476,-17.2854
Ca-2015-Db312023-42331,David Bremer,"Sauder Corner Shelving, Traditional",Canada,294.6,20.58
Ca-2015-De13255140-42271,Deanra Eno,"Acco Pressboard Covers With Storage Hooks, 14 7/8"" X 11"", Executive Red",Central Us,15.24,6.858
Ca-2015-De13255140-42271,Deanra Eno,Hon Olson Stacker Stools,Central Us,1408.1,394.268
Ca-2015-Dh367523-42167,Duane Huffman,"Green Bar Computer Printout Paper, Recycled",Canada,29.67,2.67
Ca-2015-Dk12895140-42071,Dana Kaydos,Boston 1900 Electric Pencil Sharpener,Central Us,14.98,4.494
Ca-2015-Dk12895140-42071,Dana Kaydos,Deflect-O Glass Clear Studded Chair Mats,Central Us,373.08,82.0776
Ca-2015-Dk12895140-42071,Dana Kaydos,Hon Mobius Operator'S Chair,Central Us,860.93,189.4046
Ca-2015-Dk12895140-42071,Dana Kaydos,Nortel Meridian M3904 Professional Digital Phone,Central Us,769.95,223.2855
Ca-2015-Dk12895140-42071,Dana Kaydos,"Rush Hierlooms Collection 1"" Thick Stackable Bookcases",Central Us,512.94,97.4586
Ca-2015-Dk12895140-42272,Dana Kaydos,Boston Ks Multi-Size Manual Pencil Sharpener,Central Us,128.744,12.8744
Ca-2015-Dk13225140-42323,Dean Katz,Flexible Leather- Look Classic Collection Ring Binder,Central Us,11.364,-17.046
Ca-2015-Dk13225140-42323,Dean Katz,Home/Office Personal File Carts,Central Us,250.272,15.642
Ca-2015-Dk13225140-42323,Dean Katz,Staples,Central Us,8.72,-1.744
Ca-2015-Dl12925140-42132,Daniel Lacy,"Deflect-O Economat Studded, No Bevel Mat For Low Pile Carpeting",Central Us,123.96,11.1564
Ca-2015-Dl12925140-42132,Daniel Lacy,Vtech Ds6151,Central Us,377.97,105.8316
Ca-2015-Dl12925140-42132,Daniel Lacy,Wilson Jones Legal Size Ring Binders,Central Us,43.98,21.99
Ca-2015-Dl12925140-42289,Daniel Lacy,At&T 17929 Lendline Telephone,Central Us,135.72,35.2872
Ca-2015-Dl12925140-42289,Daniel Lacy,Gbc Standard Plastic Binding Systems' Combs,Central Us,12.56,5.652
Ca-2015-Dl12925140-42289,Daniel Lacy,Samsung Rugby Iii,Central Us,263.96,71.2692
Ca-2015-Dl13330140-42329,Denise Leinenbach,"Crayola Anti Dust Chalk, 12/Pack",Central Us,10.92,4.914
Ca-2015-Dl13330140-42329,Denise Leinenbach,"Hoover Replacement Belts For Soft Guard & Commercial Ltweight Upright Vacs, 2/Pk",Central Us,19.75,5.135
Ca-2015-Dl13330140-42329,Denise Leinenbach,Imation Bio 2Gb Usb Flash Drive Imation Corp,Central Us,393.54,165.2868
Ca-2015-Dl13330140-42329,Denise Leinenbach,Ricoh - Ink Collector Unit For Gx3000 Series Printers,Central Us,83.9,22.653
Ca-2015-Dl13495140-42363,Dionis Lloyd,"Logitech B530 Usb Headset - Headset - Full Size, Binaural",Central Us,73.98,19.9746
Ca-2015-Dl13495140-42363,Dionis Lloyd,Newell 351,Central Us,3.28,0.9512
Ca-2015-Dl13495140-42363,Dionis Lloyd,Rush Hierlooms Collection Rich Wood Bookcases,Central Us,160.98,20.9274
Ca-2015-Dl13495140-42363,Dionis Lloyd,Xerox 1978,Central Us,17.34,8.4966
Ca-2015-Dm12955140-42268,Dario Medina,"Boston Ranger #55 Pencil Sharpener, Black",Central Us,25.99,7.5371
Ca-2015-Dm12955140-42268,Dario Medina,O'Sullivan 2-Shelf Heavy-Duty Bookcases,Central Us,194.32,31.0912
Ca-2015-Dm13015140-42193,Darrin Martin,Xerox 1990,Central Us,21.12,6.6
Ca-2015-Dm352523-42139,Don Miller,"Rogers Lockers, Industrial",Canada,848.4,322.32
Ca-2015-Do13645140-42315,Doug O'Connell,Xerox 1886,Central Us,76.64,26.824
Ca-2015-Dp13000140-42112,Darren Powers,Avery 485,Central Us,75.18,35.3346
Ca-2015-Dp13000140-42112,Darren Powers,"C-Line Peel & Stick Add-On Filing Pockets, 8-3/4 X 5-1/8, 10/Pack",Central Us,38.22,17.9634
Ca-2015-Dp13000140-42112,Darren Powers,"Global Leather Task Chair, Black",Central Us,89.99,17.0981
Ca-2015-Dp13000140-42112,Darren Powers,Longer-Life Soft White Bulbs,Central Us,6.16,2.9568
Ca-2015-Dp13165140-42287,David Philippe,Avery Fluorescent Highlighter Four-Color Set,Central Us,8.016,1.002
Ca-2015-Dp13390140-42087,Dennis Pardue,Sauder Inglewood Library Bookcases,Central Us,359.058,-35.9058
Ca-2015-Dp13390140-42134,Dennis Pardue,Boston Ks Multi-Size Manual Pencil Sharpener,Central Us,36.784,3.6784
Ca-2015-Dp13390140-42134,Dennis Pardue,Tripp Lite Isotel 8 Ultra 8 Outlet Metal Surge,Central Us,70.97,-191.619
Ca-2015-Dr12940140-42093,Daniel Raglin,"Office Star - Contemporary Task Swivel Chair With Loop Arms, Charcoal",Central Us,366.744,-110.0232
Ca-2015-Ds13180140-42225,David Smith,Bevis 36 X 72 Conference Tables,Central Us,622.45,136.939
Ca-2015-Ds13180140-42225,David Smith,Rogers Deluxe File Chest,Central Us,21.98,0.2198
Ca-2015-Ds13180140-42225,David Smith,"Sanford Uni-Blazer View Highlighters, Chisel Tip, Yellow",Central Us,2.2,0.968
Ca-2015-Ds13180140-42251,David Smith,Sony Micro Vault Click 16 Gb Usb 2.0 Flash Drive,Central Us,134.376,6.7188
Ca-2015-Ea14035140-42334,Erin Ashbrook,Canon Pc1080F Personal Copier,Central Us,599.99,233.9961
Ca-2015-Eb13705140-42094,Ed Braxton,3M Polarizing Light Filter Sleeves,Central Us,22.38,-7.833
Ca-2015-Eb13705140-42094,Ed Braxton,"White Dual Perf Computer Printout Paper, 2700 Sheets, 1 Part, Heavyweight, 20 Lbs., 14 7/8 X 11",Central Us,98.376,35.6613
Ca-2015-Eb14170140-42336,Evan Bailliet,Xerox 1941,Central Us,335.52,117.432
Ca-2015-Ed13885140-42358,Emily Ducich,Hypercom P1300 Pinpad,Central Us,100.8,21.42
Ca-2015-Ek13795140-42357,Eileen Kiefer,Maxell 4.7Gb Dvd+Rw 3/Pack,Central Us,25.488,4.779
Ca-2015-Em13960140-42278,Eric Murdock,Accohide Poly Flexible Ring Binders,Central Us,2.992,-4.488
Ca-2015-Em13960140-42278,Eric Murdock,Lenovo 17-Key Usb Numeric Keypad,Central Us,108.768,2.7192
Ca-2015-Em382523-42162,Elizabeth Moffitt,"Binney & Smith Pens, Fluorescent",Canada,13.2,0.24
Ca-2015-Em396023-42154,Eric Murdock,"Memorex Memory Card, Erganomic",Canada,100.08,18
Ca-2015-Em409523-42222,Eudokia Martin,"Avery Binding Machine, Clear",Canada,193.2,23.16
Ca-2015-Es14020140-42114,Erica Smith,Xerox 1916,Central Us,117.456,44.046
Ca-2015-Fa14230140-42043,Frank Atkinson,"Dana Fluorescent Magnifying Lamp, White, 36""",Central Us,40.784,-30.588
Ca-2015-Fa14230140-42043,Frank Atkinson,Round Specialty Laser Printer Labels,Central Us,40.096,13.5324
Ca-2015-Fc14335140-42093,Fred Chung,"Adams Telephone Message Book W/Dividers/Space For Phone Numbers, 5 1/4""X8 1/2"", 300/Messages",Central Us,23.52,8.526
Ca-2015-Fc14335140-42093,Fred Chung,At&T 17929 Lendline Telephone,Central Us,180.96,13.572
Ca-2015-Fh14350140-42366,Fred Harton,"Tenex Personal Filing Tote With Secure Closure Lid, Black/Frost",Central Us,24.816,1.551
Ca-2015-Fm14380140-42197,Fred Mcmath,Vtech Cs6719,Central Us,307.168,30.7168
Ca-2015-Fm14380140-42286,Fred Mcmath,Belkin 8 Outlet Surgemaster Ii Gold Surge Protector,Central Us,269.91,53.982
Ca-2015-Fm14380140-42286,Fred Mcmath,High-Back Leather Manager'S Chair,Central Us,389.97,35.0973
Ca-2015-Fo14305140-42071,Frank Olsen,Avery Premier Heavy-Duty Binder With Round Locking Rings,Central Us,8.568,-14.5656
Ca-2015-Gh14485140-42285,Gene Hale,"Tenex Traditional Chairmats For Medium Pile Carpet, Standard Lip, 36"" X 48""",Central Us,72.78,-70.9605
Ca-2015-Gh14665140-42325,Greg Hansen,Acme Box Cutter Scissors,Central Us,40.92,3.069
Ca-2015-Gh442523-42253,Gary Hwang,"Smead File Cart, Blue",Canada,127.47,1.26
Ca-2015-Gk14620140-42328,Grace Kelly,Neatdesk Desktop Scanner & Digital Filing System,Central Us,479.988,55.9986
Ca-2015-Ha14905140-42321,Helen Abelman,"Eldon Imàge Series Desk Accessories, Clear",Central Us,17.496,-7.4358
Ca-2015-Ha492023-42140,Helen Andreada,"Binney & Smith Markers, Blue",Canada,24.09,4.56
Ca-2015-Ha492023-42140,Helen Andreada,"Oic Rubber Bands, Bulk Pack",Canada,17.07,6.99
Ca-2015-Hp14815140-42308,Harold Pawlan,"Acme 10"" Easy Grip Assistive Scissors",Central Us,70.12,21.036
Ca-2015-Hr14770140-42225,Hallie Redmond,O'Sullivan Cherrywood Estates Traditional Barrister Bookcase,Central Us,687.4,48.118
Ca-2015-Hw14935140-42274,Helen Wasserman,Newell 321,Central Us,16.4,4.756
Ca-2015-Hw14935140-42274,Helen Wasserman,Xerox 1996,Central Us,25.92,12.4416
Ca-2015-Im15070140-42189,Irene Maddox,Mitel Mivoice 5330E Ip Phone,Central Us,1099.96,285.9896
Ca-2015-Je15715140-42300,Joe Elijah,Jabra Speak 410,Central Us,150.384,15.0384
Ca-2015-Je15715140-42300,Joe Elijah,Xerox 212,Central Us,36.288,12.7008
Ca-2015-Je15745140-42292,Joel Eaton,Hon 5400 Series Task Chairs For Big And Tall,Central Us,2453.43,-350.49
Ca-2015-Je15745140-42292,Joel Eaton,Plantronics Audio 995 Wireless Stereo Headset,Central Us,263.88,42.8805
Ca-2015-Jg15160140-42136,James Galang,Dax Wood Document Frame.,Central Us,21.968,-15.9268
Ca-2015-Jg15160140-42136,James Galang,Digium D40 Voip Phone,Central Us,619.152,69.6546
Ca-2015-Jg15160140-42136,James Galang,Xerox 1964,Central Us,127.904,41.5688
Ca-2015-Jh15820140-42250,John Huston,Smead Alpha-Z Color-Coded Name Labels First Letter Starter Set,Central Us,7.5,3.6
Ca-2015-Jh591023-42110,Jonathan Howell,"Rogers Folders, Industrial",Canada,124.68,17.4
Ca-2015-Jj15445140-42068,Jennifer Jackson,Binder Clips By Oic,Central Us,7.104,2.4864
Ca-2015-Jj15760140-42346,Joel Jenkins,Nokia Lumia 521 (T-Mobile),Central Us,119.96,11.996
Ca-2015-Jk15730140-42083,Joe Kamberova,Gbc Standard Plastic Binding Systems' Combs,Central Us,2.512,-4.396
Ca-2015-Jk15730140-42083,Joe Kamberova,Staples,Central Us,18.864,6.1308
Ca-2015-Jk16120140-42226,Julie Kriz,Avery 480,Central Us,3.75,1.8
Ca-2015-Jk16120140-42226,Julie Kriz,Avery 489,Central Us,41.4,19.872
Ca-2015-Jk16120140-42226,Julie Kriz,Peel-Off China Markers,Central Us,29.79,12.5118
Ca-2015-Jl513023-42157,Jack Lebron,"Boston Canvas, Water Color",Canada,56.82,8.52
Ca-2015-Jl513023-42157,Jack Lebron,"Harbour Creations Color Coded Labels, 5000 Label Set",Canada,26.58,12.72
Ca-2015-Jl513023-42157,Jack Lebron,"Rubbermaid Door Stop, Duo Pack",Canada,43.86,3.06
Ca-2015-Jl513023-42157,Jack Lebron,"Tenex File Cart, Single Width",Canada,538.44,252.96
Ca-2015-Jl523523-42328,Janet Lee,"Binney & Smith Canvas, Fluorescent",Canada,105.24,19.98
Ca-2015-Jl523523-42328,Janet Lee,"Cisco Smart Phone, With Caller Id",Canada,654.24,287.85
Ca-2015-Jl523523-42328,Janet Lee,"Kleencut Letter Opener, Steel",Canada,23.76,5.94
Ca-2015-Jl523523-42328,Janet Lee,"Panasonic Calculator, White",Canada,389.52,128.4
Ca-2015-Jl523523-42328,Janet Lee,"Stockwell Paper Clips, Metal",Canada,12.93,0.36
Ca-2015-Jm15265140-42155,Janet Molinari,Avery 501,Central Us,5.904,1.9926
Ca-2015-Jm15265140-42155,Janet Molinari,Storex Dura Pro Binders,Central Us,3.564,-6.237
Ca-2015-Jm15265140-42155,Janet Molinari,"Tenex Traditional Chairmats For Hard Floors, Average Lip, 36"" X 48""",Central Us,51.56,-61.872
Ca-2015-Jm15265140-42155,Janet Molinari,Xerox 1988,Central Us,173.488,54.215
Ca-2015-Jm586523-42336,John Murray,"Motorola Audio Dock, Full Size",Canada,349.32,104.76
Ca-2015-Jp15520140-42033,Jeremy Pistek,Rediform Voice Mail Log Books,Central Us,14.304,5.0064
Ca-2015-Jw16075140-42348,Julia West,3M Replacement Filter For Office Air Cleaner For 20' X 33' Room,Central Us,53.088,-108.8304
Ca-2015-Kb16315140-42034,Karl Braun,Ibico Standard Transparent Covers,Central Us,32.96,16.1504
Ca-2015-Kb16315140-42034,Karl Braun,"Seth Thomas 13 1/2"" Wall Clock",Central Us,53.34,16.5354
Ca-2015-Kb16315140-42034,Karl Braun,Xerox 1999,Central Us,12.96,6.2208
Ca-2015-Kb16315140-42153,Karl Braun,Avery 476,Central Us,12.39,5.6994
Ca-2015-Kb16600140-42347,Ken Brennan,Xerox 188,Central Us,34.02,16.6698
Ca-2015-Kb660023-42244,Ken Brennan,"Logitech Mouse, Bluetooth",Canada,29.28,13.17
Ca-2015-Kd16495140-42348,Keith Dawkins,"Avery Hi-Liter Comfort Grip Fluorescent Highlighter, Yellow Ink",Central Us,3.9,1.521
Ca-2015-Kd16495140-42348,Keith Dawkins,Bretford Cr8500 Series Meeting Room Furniture,Central Us,801.96,200.49
Ca-2015-Kd16495140-42348,Keith Dawkins,Global Super Steno Chair,Central Us,191.96,32.6332
Ca-2015-Kd16495140-42348,Keith Dawkins,Permanent Self-Adhesive File Folder Labels For Typewriters By Universal,Central Us,2.61,1.2006
Ca-2015-Km16375140-42174,Katherine Murray,Recycled Steel Personal File For Hanging File Folders,Central Us,228.92,14.3075
Ca-2015-Kn16450140-42194,Kean Nguyen,"Acco 7-Outlet Masterpiece Power Center, Wihtout Fax/Phone Line Protection",Central Us,48.632,-121.58
Ca-2015-Kn16705140-42295,Kristina Nunn,Tripp Lite Isotel 6 Outlet Surge Protector With Fax/Modem Protection,Central Us,73.164,-186.5682
Ca-2015-Kn16705140-42295,Kristina Nunn,"Verbatim Slim Cd And Dvd Storage Cases, 50/Pack",Central Us,27.696,3.462
Ca-2015-La16780140-42128,Laura Armstrong,Staples,Central Us,22.288,-8.9152
Ca-2015-La16780140-42181,Laura Armstrong,Sony 32Gb Class 10 Micro Sdhc R40 Memory Card,Central Us,41.9,8.799
Ca-2015-Lb673523-42180,Larry Blacks,"Bic Canvas, Water Color",Canada,113.76,1.08
Ca-2015-Lc16885140-42336,Lena Creighton,"Eldon ""L"" Workstation Diamond Chairmat",Central Us,151.96,-182.352
Ca-2015-Lc688523-42331,Lena Creighton,"Binney & Smith Sketch Pad, Fluorescent",Canada,95.16,4.74
Ca-2015-Lh715523-42250,Logan Haushalter,"Stanley Markers, Water Color",Canada,152.28,50.22
Ca-2015-Ls17230140-42171,Lycoris Saunders,Office Star - Contemporary Swivel Chair With Padded Adjustable Arms And Flex Back,Central Us,197.372,-25.3764
Ca-2015-Ls17230140-42171,Lycoris Saunders,Staples,Central Us,28.752,9.3444
Ca-2015-Ls17230140-42171,Lycoris Saunders,Xerox 188,Central Us,27.216,9.8658
Ca-2015-Ma17560140-42339,Matt Abelman,Newell 307,Central Us,3.64,1.0192
Ca-2015-Ma17560140-42339,Matt Abelman,"Wirebound Message Books, Four 2 3/4"" X 5"" Forms Per Page, 600 Sets Per Book",Central Us,18.54,8.7138
Ca-2015-Ma17560140-42339,Matt Abelman,Xerox 207,Central Us,19.44,9.3312
Ca-2015-Mc17605140-42324,Matt Connell,"Howard Miller 11-1/2"" Diameter Brentwood Wall Clock",Central Us,34.504,-15.5268
Ca-2015-Mc17605140-42324,Matt Connell,Htc One,Central Us,239.976,26.9973
Ca-2015-Mc17605140-42324,Matt Connell,"Neat Ideas Personal Hanging Folder Files, Black",Central Us,21.488,1.6116
Ca-2015-Mc18100140-42241,Mick Crebagga,"Eldon Executive Woodline Ii Desk Accessories, Mahogany",Central Us,20.104,-16.5858
Ca-2015-Mc18100140-42241,Mick Crebagga,Nu-Dell Ez-Mount Plastic Wall Frames,Central Us,7.88,-3.94
Ca-2015-Mc18100140-42241,Mick Crebagga,Poly Designer Cover & Back,Central Us,3.798,-6.0768
Ca-2015-Me17320140-42174,Maria Etezadi,"Gbc White Gloss Covers, Plain Front",Central Us,5.792,-9.5568
Ca-2015-Mf18250140-42320,Monica Federle,"Blue String-Tie & Button Interoffice Envelopes, 10 X 13",Central Us,223.888,69.965
Ca-2015-Mf18250140-42320,Monica Federle,"Carina 42""Hx23 3/4""W Media Storage Unit",Central Us,64.784,-14.5764
Ca-2015-Mf18250140-42320,Monica Federle,Xerox 1957,Central Us,15.552,5.6376
Ca-2015-Mg17695140-42163,Maureen Gnade,Hoover Shoulder Vac Commercial Portable Vacuum,Central Us,143.128,-393.602
Ca-2015-Mg17695140-42163,Maureen Gnade,Maxell 4.7Gb Dvd+R 5/Pack,Central Us,2.376,0.7425
Ca-2015-Mg17875140-42177,Michael Grace,Hon Rectangular Conference Tables,Central Us,796.425,-525.6405
Ca-2015-Mh762023-42337,Matt Hagelstein,"Acco Binding Machine, Durable",Canada,52.59,12.6
Ca-2015-Mh762023-42337,Matt Hagelstein,"Advantus Stacking Tray, Erganomic",Canada,49.98,15.48
Ca-2015-Mh762023-42337,Matt Hagelstein,"Boston Markers, Blue",Canada,26.37,10.8
Ca-2015-Mm18280140-42149,Muhammed Macintyre,Fiskars Spring-Action Scissors,Central Us,22.368,1.6776
Ca-2015-Mm18280140-42149,Muhammed Macintyre,Logitech G35 7.1-Channel Surround Sound Headset,Central Us,207.984,36.3972
Ca-2015-Mm18280140-42149,Muhammed Macintyre,Xerox 1978,Central Us,32.368,11.7334
Ca-2015-Mo17800140-42330,Meg O'Connel,Hon 2111 Invitation Series Straight Table,Central Us,206.962,-32.5226
Ca-2015-Mp18175140-42324,Mike Pelletier,"Advantus Employee Of The Month Certificate Frame, 11 X 13-1/2",Central Us,185.58,76.0878
Ca-2015-Mp18175140-42324,Mike Pelletier,"Chromcraft Bull-Nose Wood Round Conference Table Top, Wood Base",Central Us,653.55,111.1035
Ca-2015-Mp18175140-42324,Mike Pelletier,"Lesro Sheffield Collection Coffee Table, End Table, Center Table, Corner Table",Central Us,214.11,36.3987
Ca-2015-Mp18175140-42324,Mike Pelletier,Logitech Dinovo Edge Keyboard,Central Us,999.96,229.9908
Ca-2015-Mp18175140-42324,Mike Pelletier,Xerox 191,Central Us,179.82,84.5154
Ca-2015-Ms17365140-42068,Maribeth Schnelling,Avanti 4.4 Cu. Ft. Refrigerator,Central Us,180.98,-470.548
Ca-2015-Ms17365140-42068,Maribeth Schnelling,"Companion Letter/Legal File, Black",Central Us,60.416,6.0416
Ca-2015-Ms17365140-42068,Maribeth Schnelling,Eldon Wave Desk Accessories,Central Us,4.712,-1.8848
Ca-2015-Ms17365140-42068,Maribeth Schnelling,"Performers Binder/Pad Holder, Black",Central Us,11.212,-16.818
Ca-2015-Ms17980140-42043,Michael Stewart,Memorex Micro Travel Drive 8 Gb,Central Us,20.8,6.5
Ca-2015-Ms17980140-42222,Michael Stewart,Xerox 188,Central Us,27.216,9.8658
Ca-2015-Ms17980140-42342,Michael Stewart,Xerox 1881,Central Us,85.96,40.4012
Ca-2015-Mt18070140-42301,Michelle Tran,Avery Non-Stick Binders,Central Us,3.592,-6.286
Ca-2015-Mv17485140-42180,Mark Van Huff,Avery File Folder Labels,Central Us,4.608,1.6704
Ca-2015-Mv17485140-42180,Mark Van Huff,"Avery Triangle Shaped Sheet Lifters, Black, 2/Pack",Central Us,0.984,-1.476
Ca-2015-Mv17485140-42180,Mark Van Huff,"Ge General Use Halogen Bulbs, 100 Watts, 1 Bulb Per Pack",Central Us,75.384,-20.7306
Ca-2015-Mv17485140-42180,Mark Van Huff,Xerox 1884,Central Us,47.952,16.1838
Ca-2015-Mv18190140-42068,Mike Vittorini,Cisco Spa525G2 Ip Phone - Wireless,Central Us,31.92,2.394
Ca-2015-Mz751523-42197,Mary Zewe,"Eldon Light Bulb, Erganomic",Canada,95.28,11.4
Ca-2015-Mz751523-42197,Mary Zewe,"Tenex Shelving, Single Width",Canada,54.69,13.65
Ca-2015-Nc18340140-42098,Nat Carroll,Acco Expandable Hanging Binders,Central Us,12.76,5.8696
Ca-2015-Nc18340140-42098,Nat Carroll,Brother Dcp1000 Digital 3 In 1 Multifunction Machine,Central Us,599.98,209.993
Ca-2015-Nc18340140-42098,Nat Carroll,Hoover Shoulder Vac Commercial Portable Vacuum,Central Us,644.076,107.346
Ca-2015-Nc18340140-42098,Nat Carroll,Shocksock Galaxy S4 Armband,Central Us,10.95,0.438
Ca-2015-Nc18340140-42098,Nat Carroll,Staples,Central Us,5.84,2.628
Ca-2015-Nc18415140-42164,Nathan Cano,Xerox 1995,Central Us,12.96,6.2208
Ca-2015-Nc18625140-42126,Noah Childs,Avery 501,Central Us,8.856,2.9889
Ca-2015-Nc18625140-42126,Noah Childs,Samsung Rugby Iii,Central Us,158.376,13.8579
Ca-2015-Nd846023-42262,Neil Ducich,"Kleencut Trimmer, High Speed",Canada,41.43,11.16
Ca-2015-Nf847523-42279,Neil Französisch,"Acco Hole Reinforcements, Economy",Canada,6.66,0.57
Ca-2015-Nf847523-42279,Neil Französisch,"Canon Fax And Copier, Digital",Canada,190.98,21
Ca-2015-Nf847523-42279,Neil Französisch,"Fellowes Lockers, Wire Frame",Canada,206.4,92.88
Ca-2015-Nf847523-42279,Neil Französisch,"Kleencut Trimmer, Serrated",Canada,76.26,20.58
Ca-2015-Nf847523-42279,Neil Französisch,"Safco Floating Shelf Set, Metal",Canada,196.2,58.86
Ca-2015-Ng18430140-42313,Nathan Gelder,Avery 476,Central Us,19.824,6.4428
Ca-2015-Ng835523-42039,Nat Gilpin,"Binney & Smith Pencil Sharpener, Easy-Erase",Canada,55.86,6.12
Ca-2015-Ng835523-42039,Nat Gilpin,"Ibico Binder Covers, Economy",Canada,13.65,1.89
Ca-2015-Ng835523-42039,Nat Gilpin,"Smead File Cart, Single Width",Canada,128.43,1.26
Ca-2015-Ng835523-42039,Nat Gilpin,"Smead Lockers, Industrial",Canada,198.9,55.68
Ca-2015-Nh18610140-42296,Nicole Hansen,Avery Heavy-Duty Ezd View Binder With Locking Rings,Central Us,38.28,17.6088
Ca-2015-Nh18610140-42296,Nicole Hansen,Otterbox Defender Series Case - Samsung Galaxy S4,Central Us,149.95,44.985
Ca-2015-Nh861023-42160,Nicole Hansen,"Acco Binding Machine, Economy",Canada,102.18,29.58
Ca-2015-Nh861023-42160,Nicole Hansen,"Ames Manila Envelope, With Clear Poly Window",Canada,56.46,24.24
Ca-2015-Nh861023-42160,Nicole Hansen,"Rogers Lockers, Single Width",Canada,846.6,372.48
Ca-2015-Nm18445140-42147,Nathan Mautz,Harmony Air Purifier,Central Us,850.5,245.7
Ca-2015-Nm18445140-42147,Nathan Mautz,Westinghouse Clip-On Gooseneck Lamps,Central Us,75.33,19.5858
Ca-2015-Nm844523-42180,Nathan Mautz,"Ames Business Envelopes, Set Of 50",Canada,18.18,5.25
Ca-2015-Np18685140-42344,Nora Pelletier,Hewlett Packard 610 Color Digital Copier / Printer,Central Us,999.98,449.991
Ca-2015-Np832523-42236,Naresj Patel,"Binney & Smith Markers, Blue",Canada,144.54,27.36
Ca-2015-Np832523-42236,Naresj Patel,"Canon Fax And Copier, Color",Canada,385.56,92.52
Ca-2015-Ns18640140-42072,Noel Staavos,Maxell 4.7Gb Dvd-R,Central Us,113.52,29.799
Ca-2015-Ns18640140-42072,Noel Staavos,Panasonic Kx T7736-B Digital Phone,Central Us,359.88,22.4925
Ca-2015-Ot18730140-42114,Olvera Toch,Tyvek Side-Opening Peel & Seel Expanding Envelopes,Central Us,180.96,81.432
Ca-2015-Pa19060140-42065,Pete Armstrong,50 Colored Long Pencils,Central Us,10.16,2.6416
Ca-2015-Pa19060140-42065,Pete Armstrong,Brown Kraft Recycled Envelopes,Central Us,101.88,50.94
Ca-2015-Pa19060140-42292,Pete Armstrong,Logitech Gaming G510S - Keyboard,Central Us,339.96,67.992
Ca-2015-Pc900023-42096,Pauline Chand,"Okidata Receipt Printer, Red",Canada,120.06,20.4
Ca-2015-Pf19120140-42101,Peter Fuller,Hoover Upright Vacuum With Dirt Cup,Central Us,463.248,-1181.2824
Ca-2015-Pf19120140-42101,Peter Fuller,Razer Kraken Pro Over Ear Pc And Music Headset,Central Us,383.952,47.994
Ca-2015-Pm18940140-42022,Paul Macintyre,Bevis Round Conference Table Top & Single Column Base,Central Us,102.438,-13.1706
Ca-2015-Pm18940140-42022,Paul Macintyre,Harbour Creations 67200 Series Stacking Chairs,Central Us,199.304,-8.5416
Ca-2015-Po18850140-42321,Patrick O'Brill,"Atlantic Metals Mobile 5-Shelf Bookcases, Custom Colors",Central Us,613.9992,-18.0588
Ca-2015-Po19180140-42318,Philisse Overcash,Gbc Standard Therm-A-Bind Covers,Central Us,74.76,34.3896
Ca-2015-Po19180140-42318,Philisse Overcash,Hoover Shoulder Vac Commercial Portable Vacuum,Central Us,715.64,178.91
Ca-2015-Po19180140-42318,Philisse Overcash,Sharp 1540Cs Digital Laser Copier,Central Us,549.99,274.995
Ca-2015-Po19180140-42318,Philisse Overcash,Staples,Central Us,29.22,12.8568
Ca-2015-Po19180140-42318,Philisse Overcash,Tennsco 6- And 18-Compartment Lockers,Central Us,795.51,143.1918
Ca-2015-Po886523-42159,Patrick O'Donnell,"Binney & Smith Sketch Pad, Water Color",Canada,198,65.28
Ca-2015-Po886523-42159,Patrick O'Donnell,"Cardinal Hole Reinforcements, Durable",Canada,6.84,1.41
Ca-2015-Po919523-42351,Phillina Ober,"Eaton Memo Slips, Recycled",Canada,27.3,5.7
Ca-2015-Pr888023-42362,Patrick Ryan,"Acco 3-Hole Punch, Recycled",Canada,121.92,10.92
Ca-2015-Pr888023-42362,Patrick Ryan,"Sauder 3-Shelf Cabinet, Traditional",Canada,166.68,34.98
Ca-2015-Ps18760140-42150,Pamela Stobb,"Global Stack Chair With Arms, Black",Central Us,104.93,-4.497
Ca-2015-Ps18760140-42150,Pamela Stobb,Novimex Swivel Fabric Task Chair,Central Us,105.686,-28.6862
Ca-2015-Ps18760140-42150,Pamela Stobb,Startech.Com 10/100 Vdsl2 Ethernet Extender Kit,Central Us,399.54,-79.908
Ca-2015-Ps19045140-42056,Penelope Sewall,Newell 34,Central Us,79.36,20.6336
Ca-2015-Ra19285140-42229,Ralph Arnett,Avery Round Ring Poly Binders,Central Us,11.36,5.5664
Ca-2015-Ra19915140-42122,Russell Applegate,Akro-Mils 12-Gallon Tote,Central Us,23.832,2.6811
Ca-2015-Ra19915140-42122,Russell Applegate,"Gbc Twin Loop Wire Binding Elements, 9/16"" Spine, Black",Central Us,12.176,-18.8728
Ca-2015-Ra19915140-42122,Russell Applegate,Holmes Odor Grabber,Central Us,8.652,-20.3322
Ca-2015-Ra19915140-42321,Russell Applegate,"Black Print Carbonless Snap-Off Rapid Letter, 8 1/2"" X 7""",Central Us,63.77,28.6965
Ca-2015-Ra19915140-42321,Russell Applegate,Spigen Samsung Galaxy S5 Case Wallet,Central Us,50.97,13.2522
Ca-2015-Ra19915140-42321,Russell Applegate,Xerox 1910,Central Us,96.08,46.1184
Ca-2015-Ra988523-42044,Ruben Ausman,"Accos Clamps, Bulk Pack",Canada,116.28,54.54
Ca-2015-Ra988523-42044,Ruben Ausman,"Kleencut Ruler, High Speed",Canada,13.56,2.97
Ca-2015-Rb19435140-42187,Richard Bierner,Belkin 8 Outlet Surge Protector,Central Us,32.784,-85.2384
Ca-2015-Rb19705140-42364,Roger Barcio,"Office Star - Contemporary Task Swivel Chair With 2-Way Adjustable Arms, Plum",Central Us,275.058,-90.3762
Ca-2015-Re19450140-42365,Richard Eichhorn,Cisco Spa 502G Ip Phone,Central Us,239.9,71.97
Ca-2015-Re19450140-42365,Richard Eichhorn,Xerox 1917,Central Us,195.64,91.9508
Ca-2015-Rh19600140-42187,Rob Haberlin,"Adams Phone Message Book, Professional, 400 Message Capacity, 5 3/6” X 11”",Central Us,11.168,3.7692
Ca-2015-Rh19600140-42187,Rob Haberlin,Adjustable Depth Letter/Legal Cart,Central Us,435.504,48.9942
Ca-2015-Rh19600140-42187,Rob Haberlin,Advantus Rolling Storage Box,Central Us,68.6,6.0025
Ca-2015-Rh19600140-42187,Rob Haberlin,"Global Wood Trimmed Manager'S Task Chair, Khaki",Central Us,382.116,-92.7996
Ca-2015-Rh19600140-42187,Rob Haberlin,Hon 4070 Series Pagoda Armless Upholstered Stacking Chairs,Central Us,408.422,-5.8346
Ca-2015-Rh960023-42192,Rob Haberlin,"Breville Microwave, White",Canada,1799.1,593.64
Ca-2015-Rh960023-42192,Rob Haberlin,"Cardinal Hole Reinforcements, Durable",Canada,27.36,5.64
Ca-2015-Rk19300140-42205,Ralph Kennedy,Eldon Portable Mobile Manager,Central Us,141.4,38.178
Ca-2015-Rk19300140-42205,Ralph Kennedy,Imation Bio 8Gb Usb Flash Drive Imation Corp,Central Us,831.2,124.68
Ca-2015-Rk19300140-42205,Ralph Kennedy,"Multi-Use Personal File Cart And Caster Set, Three Stacking Bins",Central Us,34.76,9.7328
Ca-2015-Rk19300140-42205,Ralph Kennedy,Tops White Computer Printout Paper,Central Us,97.82,45.9754
Ca-2015-Rk19300140-42205,Ralph Kennedy,"White Envelopes, White Envelopes With Clear Poly Window",Central Us,106.75,49.105
Ca-2015-Rk19300140-42205,Ralph Kennedy,Xerox 1981,Central Us,26.4,11.88
Ca-2015-Rl19615140-42197,Rob Lucas,"Floodlight Indoor Halogen Bulbs, 1 Bulb Per Pack, 60 Watts",Central Us,7.76,-2.134
Ca-2015-Rl19615140-42197,Rob Lucas,Ge 2-Jack Phone Line Splitter,Central Us,659.168,49.4376
Ca-2015-Rl19615140-42197,Rob Lucas,Geemarc Amplipower60,Central Us,148.48,16.704
Ca-2015-Rl19615140-42197,Rob Lucas,"Global Push Button Manager'S Chair, Indigo",Central Us,383.607,-5.4801
Ca-2015-Rl19615140-42197,Rob Lucas,Newell 32,Central Us,6.912,0.6912
Ca-2015-Rl19615140-42197,Rob Lucas,Tuff Stuff Recycled Round Ring Binders,Central Us,1.928,-2.9884
Ca-2015-Rl19615140-42197,Rob Lucas,Vtech Cs6719,Central Us,537.544,53.7544
Ca-2015-Rp19270140-42222,Rachel Payne,Avery 505,Central Us,35.52,13.32
Ca-2015-Rp19270140-42222,Rachel Payne,Avery Hole Reinforcements,Central Us,6.23,-9.6565
Ca-2015-Rp19270140-42222,Rachel Payne,O'Sullivan Manor Hill 2-Door Library In Brianna Oak,Central Us,369.1992,-114.0174
Ca-2015-Rp19270140-42222,Rachel Payne,Xerox 1906,Central Us,56.704,19.1376
Ca-2015-Rp19855140-42049,Roy Phan,Innergie Mmini Combo Duo Usb Travel Charging Kit,Central Us,134.97,64.7856
Ca-2015-Rp19855140-42049,Roy Phan,Maxell Lto Ultrium - 800 Gb,Central Us,139.95,26.5905
Ca-2015-Rp19855140-42049,Roy Phan,Samsung Galaxy S Iii - 16Gb - Pebble Blue (T-Mobile),Central Us,699.98,195.9944
Ca-2015-Rr952523-42309,Rick Reed,"Deflect-O Frame, Erganomic",Canada,108.66,2.16
Ca-2015-Rs942023-42251,Ricardo Sperren,"Avery Shipping Labels, Laser Printer Compatible",Canada,11.85,1.65
Ca-2015-Sb20185140-42110,Sarah Brown,Canon Pc940 Copier,Central Us,1439.968,485.9892
Ca-2015-Sb20185140-42110,Sarah Brown,Logitech Keyboard K120,Central Us,43.56,-4.9005
Ca-2015-Sc20695140-42216,Steve Chapman,"Acme 10"" Easy Grip Assistive Scissors",Central Us,52.59,15.777
Ca-2015-Sc20695140-42318,Steve Chapman,Letter Size Cart,Central Us,714.3,207.147
Ca-2015-Sc20800140-42349,Stuart Calhoun,Eldon Profile File 'N Store Portable File Tub Letter/Legal Size Black,Central Us,46.344,4.6344
Ca-2015-Sc20800140-42349,Stuart Calhoun,Logitech Wireless Performance Mouse Mx For Pc And Mac,Central Us,159.984,35.9964
Ca-2015-Sd20485140-42122,Shirley Daniels,Fellowes Pb500 Electric Punch Plastic Comb Binding Machine With Manual Bind,Central Us,3812.97,1906.485
Ca-2015-Sd20485140-42122,Shirley Daniels,Kensington 7 Outlet Masterpiece Power Center With Fax/Phone Line Protection,Central Us,186.732,41.496
Ca-2015-Sd20485140-42247,Shirley Daniels,"Message Book, Phone, Wirebound Standard Line Memo, 2 3/4"" X 5""",Central Us,20.96,6.812
Ca-2015-Sf20065140-42343,Sandra Flanagan,"Boston Electric Pencil Sharpener, Model 1818, Charcoal Black",Central Us,45.04,4.504
Ca-2015-Sf20200140-42068,Sarah Foster,I Need'S 3D Hello Kitty Hybrid Silicone Case Cover For Htc One X 4G With 3D Hello Kitty Stylus Pen Green/Pink,Central Us,23.92,6.6976
Ca-2015-Sf20200140-42068,Sarah Foster,Staples,Central Us,60.69,16.3863
Ca-2015-Sf20965140-42006,Sylvia Foulston,Xerox 21,Central Us,10.368,3.6288
Ca-2015-Sf20965140-42264,Sylvia Foulston,Gbc Imprintable Covers,Central Us,6.588,-10.2114
Ca-2015-Sf20965140-42264,Sylvia Foulston,Howard Miller Distant Time Traveler Alarm Clock,Central Us,21.936,-10.4196
Ca-2015-Sf20965140-42337,Sylvia Foulston,"Boston Model 1800 Electric Pencil Sharpeners, Putty/Woodgrain",Central Us,161.82,46.9278
Ca-2015-Sf20965140-42337,Sylvia Foulston,"Global Manager'S Adjustable Task Chair, Storm",Central Us,301.96,87.5684
Ca-2015-Sf20965140-42337,Sylvia Foulston,Honeywell Enviracaire Portable Hepa Air Cleaner For Up To 10 X 16 Room,Central Us,555.21,178.901
Ca-2015-Sf20965140-42337,Sylvia Foulston,"Mini 13-1/2 Capacity Data Binder Rack, Pearl",Central Us,523.48,130.87
Ca-2015-Sj1021523-42163,Sarah Jordon,"Hon Legal Exhibit Labels, Laser Printer Compatible",Canada,21.72,3.9
Ca-2015-Sl1015523-42344,Sara Luxemburg,"Binney & Smith Pencil Sharpener, Easy-Erase",Canada,27.93,3.06
Ca-2015-Sm20950140-42357,Suzanne Mcnair,Bagged Rubber Bands,Central Us,5.04,0.2016
Ca-2015-Sm20950140-42357,Suzanne Mcnair,Self-Adhesive Ring Binder Labels,Central Us,7.04,3.3088
Ca-2015-Sm20950140-42357,Suzanne Mcnair,White Computer Printout Paper By Universal,Central Us,116.28,56.9772
Ca-2015-Sn20710140-42365,Steve Nguyen,"#10-4 1/8"" X 9 1/2"" Premium Diagonal Seam Envelopes",Central Us,113.328,35.415
Ca-2015-Sn20710140-42365,Steve Nguyen,"Atlantic Metals Mobile 3-Shelf Bookcases, Custom Colors",Central Us,532.3992,-46.9764
Ca-2015-Sn20710140-42365,Steve Nguyen,"Global Fabric Manager'S Chair, Dark Gray",Central Us,212.058,-15.147
Ca-2015-Sn20710140-42365,Steve Nguyen,Plantronics Hl10 Handset Lifter,Central Us,371.168,41.7564
Ca-2015-Sp20860140-42252,Sung Pak,Longer-Life Soft White Bulbs,Central Us,6.16,2.9568
Ca-2015-Sp20860140-42252,Sung Pak,Xerox 1881,Central Us,36.84,17.3148
Ca-2015-Ss20590140-42107,Sonia Sunley,Fellowes Black Plastic Comb Bindings,Central Us,17.43,8.0178
Ca-2015-Su20665140-42343,Stephanie Ulpright,Surelock Post Binders,Central Us,152.8,76.4
Ca-2015-Sv1036523-42236,Seth Vernon,"Cardinal Binder Covers, Recycled",Canada,24.72,11.1
Ca-2015-Sv1036523-42236,Seth Vernon,"Harbour Creations Legal Exhibit Labels, 5000 Label Set",Canada,22.68,3.6
Ca-2015-Sv1036523-42236,Seth Vernon,"Hon Executive Leather Armchair, Adjustable",Canada,459.63,124.08
Ca-2015-Sv1036523-42236,Seth Vernon,"Okidata Receipt Printer, Wireless",Canada,122.91,33.18
Ca-2015-Sv1036523-42236,Seth Vernon,"Sanford Canvas, Fluorescent",Canada,103.56,38.28
Ca-2015-Sv1036523-42236,Seth Vernon,"Sanford Markers, Water Color",Canada,26.43,2.37
Ca-2015-Sv20815140-42128,Stuart Van,Model L Table Or Wall-Mount Pencil Sharpener,Central Us,125.93,35.2604
Ca-2015-Sv20815140-42268,Stuart Van,Hypercom P1300 Pinpad,Central Us,151.2,32.13
Ca-2015-Sv20815140-42268,Stuart Van,Longer-Life Soft White Bulbs,Central Us,4.928,-1.4784
Ca-2015-Sv20815140-42268,Stuart Van,Shoretel Shorephone Ip 230 Voip Phone,Central Us,946.344,118.293
Ca-2015-Sz20035140-42167,Sam Zeldin,Recycled Eldon Regeneration Jumbo File,Central Us,24.56,6.8768
Ca-2015-Sz20035140-42359,Sam Zeldin,Enermax Acrylux Wireless Keyboard,Central Us,637.44,135.456
Ca-2015-Sz20035140-42359,Sam Zeldin,"Howard Miller 11-1/2"" Diameter Grantwood Wall Clock",Central Us,51.756,-33.6414
Ca-2015-Sz20035140-42359,Sam Zeldin,"Sanford Prismacolor Professional Thick Lead Art Pencils, 36-Color Set",Central Us,59.904,14.2272
Ca-2015-Sz20035140-42359,Sam Zeldin,Star Micronics Tsp800 Tsp847Iiu Receipt Printer,Central Us,600.53,137.264
Ca-2015-Tb21250140-42343,Tim Brockman,Security-Tint Envelopes,Central Us,12.224,4.4312
Ca-2015-Tb21625140-42369,Trudy Brown,"Eldon Expressions Wood Desk Accessories, Oak",Central Us,14.76,-11.439
Ca-2015-Tb21625140-42369,Trudy Brown,Newell 3-Hole Punched Plastic Slotted Magazine Holders For Binders,Central Us,3.656,-5.8496
Ca-2015-Td20995140-42239,Tamara Dahlen,Acme Tagit Stainless Steel Antibacterial Scissors,Central Us,31.68,2.772
Ca-2015-Td20995140-42239,Tamara Dahlen,Holmes Odor Grabber,Central Us,5.768,-13.5548
Ca-2015-Td20995140-42239,Tamara Dahlen,Staples,Central Us,12.032,2.256
Ca-2015-Td20995140-42239,Tamara Dahlen,Xerox 206,Central Us,10.368,3.6288
Ca-2015-Tp21130140-42267,Theone Pippenger,Acco Translucent Poly Ring Binders,Central Us,2.808,-4.4928
Ca-2015-Tp21565140-42064,Tracy Poddar,Jackery Bar Premium Fast-Charging Portable Charger,Central Us,95.84,34.742
Ca-2015-Ts21340140-42073,Toby Swindell,Acco Suede Grain Vinyl Round Ring Binder,Central Us,1.112,-1.8904
Ca-2015-Ts21655140-42040,Trudy Schmidt,Memorex Mini Travel Drive 8 Gb Usb 2.0 Flash Drive,Central Us,18.528,4.4004
Ca-2015-Ts21655140-42040,Trudy Schmidt,"Tennsco Snap-Together Open Shelving Units, Starter Sets And Add-On Units",Central Us,670.752,-125.766
Ca-2015-Ts21655140-42040,Trudy Schmidt,Unikeep View Case Binders,Central Us,2.934,-4.9878
Ca-2015-Ts21655140-42119,Trudy Schmidt,Belkin 5 Outlet Surgemaster Power Centers,Central Us,272.4,76.272
Ca-2015-Ts21655140-42119,Trudy Schmidt,Newell 324,Central Us,57.75,16.17
Ca-2015-Tt21220140-42100,Thomas Thornton,"Fellowes Twister Kit, Gray/Clear, 3/Pkg",Central Us,9.648,-16.884
Ca-2015-Tt21220140-42100,Thomas Thornton,Ibico Covers For Plastic Or Wire Binding Elements,Central Us,6.9,-12.075
Ca-2015-Tt21220140-42100,Thomas Thornton,Maxell 4.7Gb Dvd-Rw 3/Pack,Central Us,25.488,4.4604
Ca-2015-Tt21220140-42100,Thomas Thornton,Newell 312,Central Us,42.048,5.256
Ca-2015-Tt21220140-42100,Thomas Thornton,Xerox 1949,Central Us,7.968,2.8884
Ca-2015-Tt21460140-42346,Tonja Turnell,Wilson Electronics Db Pro Signal Booster,Central Us,1718.4,150.36
Ca-2015-Tt21460140-42346,Tonja Turnell,Xerox 1945,Central Us,360.712,130.7581
Ca-2015-Tz1144523-42232,Tom Zandusky,"Wilson Jones Binder, Recycled",Canada,53.52,20.28
Ca-2015-Vb21745140-42202,Victoria Brennan,Advantus T-Pin Paper Clips,Central Us,14.432,3.4276
Ca-2015-Vb21745140-42202,Victoria Brennan,Avery 479,Central Us,6.264,2.0358
Ca-2015-Vb21745140-42331,Victoria Brennan,Gbc Recycled Regency Composition Covers,Central Us,23.912,-40.6504
Ca-2015-Vb21745140-42331,Victoria Brennan,"Tenex Personal Self-Stacking Standard File Box, Black/Gray",Central Us,27.056,2.3674
Ca-2015-Vb21745140-42331,Victoria Brennan,Xerox 1915,Central Us,335.52,117.432
Ca-2015-Vd21670140-42181,Valerie Dominguez,Polycom Soundstation2 Ex Conference Phone,Central Us,971.88,109.3365
Ca-2015-Vp21730140-42190,Victor Preis,Durable Pressboard Binders,Central Us,19,8.93
Ca-2015-Zc21910140-42119,Zuschuss Carroll,"Global Armless Task Chair, Royal Blue",Central Us,128.058,-23.7822
Ca-2015-Zc21910140-42119,Zuschuss Carroll,"Safco Commercial Wire Shelving, Black",Central Us,221.024,-55.256
Ca-2015-Zc21910140-42260,Zuschuss Carroll,Case Logic 2.4Ghz Wireless Keyboard,Central Us,199.96,15.9968
Ca-2015-Zc21910140-42260,Zuschuss Carroll,Hon Multipurpose Stacking Arm Chairs,Central Us,1516.2,394.212
Ca-2016-Aa10315140-42433,Alex Avila,"Acco Banker'S Clasps, 5 3/4""-Long",Central Us,2.304,0.7776
Ca-2016-Aa10315140-42433,Alex Avila,High Speed Automatic Electric Letter Opener,Central Us,3930.072,-786.0144
Ca-2016-Aa10315140-42433,Alex Avila,Polycom Vvx 310 Voip Phone,Central Us,431.976,32.3982
Ca-2016-Aa10315140-42433,Alex Avila,"Verbatim 25 Gb 6X Blu-Ray Single Layer Recordable Disc, 1/Pack",Central Us,41.72,5.7365
Ca-2016-Aa10480140-42569,Andrew Allen,"Carina 42""Hx23 3/4""W Media Storage Unit",Central Us,242.94,4.8588
Ca-2016-Aa10480140-42569,Andrew Allen,"Rediform Wirebound ""Phone Memo"" Message Book, 11 X 5-3/4",Central Us,7.64,3.7436
Ca-2016-Aa10480140-42569,Andrew Allen,Strathmore Photo Frame Cards,Central Us,21.93,10.0878
Ca-2016-Aa10480140-42569,Andrew Allen,Tennsco 6- And 18-Compartment Lockers,Central Us,265.17,47.7306
Ca-2016-Aa10480140-42569,Andrew Allen,Xerox 1993,Central Us,51.84,25.4016
Ca-2016-Aa10480140-42609,Andrew Allen,Clearsounds Csc500 Amplified Spirit Phone Corded Phone,Central Us,209.97,58.7916
Ca-2016-Aa10480140-42609,Andrew Allen,Hon 4060 Series Tables,Central Us,447.84,98.5248
Ca-2016-Aa10480140-42609,Andrew Allen,Netgear Ac1750 Dual Band Gigabit Smart Wifi Router,Central Us,479.97,163.1898
Ca-2016-Aa10480140-42609,Andrew Allen,Newell 335,Central Us,8.64,2.5056
Ca-2016-Aa10480140-42609,Andrew Allen,Xerox 1950,Central Us,11.56,5.6644
Ca-2016-Ab10015140-42685,Aaron Bergman,Samsung Convoy 3,Central Us,221.98,62.1544
Ca-2016-Ab10015140-42685,Aaron Bergman,"Sauder Facets Collection Library, Sky Alder Finish",Central Us,341.96,54.7136
Ca-2016-Ab10105140-42722,Adrian Barton,Gbc Ibimaster 500 Manual Proclick Binding System,Central Us,9892.74,4946.37
Ca-2016-Ab10150140-42400,Aimee Bixby,Xerox 1994,Central Us,15.552,5.4432
Ca-2016-Ab16523-42390,Alan Barnes,"Binney & Smith Canvas, Blue",Canada,410.88,78
Ca-2016-Ac10660140-42636,Anna Chung,Xerox 1895,Central Us,35.88,16.146
Ca-2016-Af10870140-42497,Art Ferguson,Insertable Tab Post Binder Dividers,Central Us,3.208,-5.2932
Ca-2016-Af10870140-42497,Art Ferguson,Logitech Desktop Mk120 Mouse And Keyboard Combo,Central Us,26.176,-3.272
Ca-2016-Ag10270140-42627,Alejandro Grove,"Adams Telephone Message Book W/Dividers/Space For Phone Numbers, 5 1/4""X8 1/2"", 300/Messages",Central Us,17.64,8.6436
Ca-2016-Ag10270140-42627,Alejandro Grove,Avery 49,Central Us,14.4,7.056
Ca-2016-Ag10270140-42627,Alejandro Grove,"Bluelounge Milo Smartphone Stand, White/Metallic",Central Us,149.95,41.986
Ca-2016-Ag10270140-42627,Alejandro Grove,"Electrix Architect'S Clamp-On Swing Arm Lamp, Black",Central Us,1336.44,387.5676
Ca-2016-Ag10270140-42627,Alejandro Grove,"Elite 5"" Scissors",Central Us,16.9,5.07
Ca-2016-Ag10270140-42627,Alejandro Grove,"Fellowes Mobile File Cart, Black",Central Us,373.08,100.7316
Ca-2016-Ag10270140-42627,Alejandro Grove,Harmony Air Purifier,Central Us,378,136.08
Ca-2016-Ag10270140-42627,Alejandro Grove,Mediabridge Sport Armband Iphone 5S,Central Us,29.97,0.2997
Ca-2016-Ag10270140-42627,Alejandro Grove,"Rogers Jumbo File, Granite",Central Us,40.74,0.4074
Ca-2016-Ag10270140-42627,Alejandro Grove,Things To Do Today Pad,Central Us,17.61,8.4528
Ca-2016-Ag10330140-42586,Alex Grayson,Sony Micro Vault Click 4 Gb Usb 2.0 Flash Drive,Central Us,167.28,23.4192
Ca-2016-Ag10330140-42586,Alex Grayson,"Tyvek  Top-Opening Peel & Seel Envelopes, Plain White",Central Us,81.54,38.3238
Ca-2016-Ag10675140-42622,Anna Gayman,"Contico 72""H Heavy-Duty Storage System",Central Us,131.136,-32.784
Ca-2016-Ag10675140-42622,Anna Gayman,"Riverside Palais Royal Lawyers Bookcase, Royale Cherry Finish",Central Us,2396.2656,-317.1528
Ca-2016-Ag10675140-42622,Anna Gayman,Sony 64Gb Class 10 Micro Sdhc R40 Memory Card,Central Us,57.584,0.7198
Ca-2016-Ag10675140-42622,Anna Gayman,Super Decoflex Portable Personal File,Central Us,35.952,3.5952
Ca-2016-Ag10900140-42713,Arthur Gainer,"Bush Westfield Collection Bookcases, Dark Cherry Finish",Central Us,405.86,32.4688
Ca-2016-Ag10900140-42713,Arthur Gainer,Hon Gueststacker Chair,Central Us,680.01,176.8026
Ca-2016-Ag27023-42581,Alejandro Grove,"Acco Binder Covers, Recycled",Canada,54.72,16.32
Ca-2016-Ag27023-42581,Alejandro Grove,"Bic Highlighters, Water Color",Canada,44.22,7.92
Ca-2016-Ag27023-42581,Alejandro Grove,"Fellowes Box, Blue",Canada,196.8,31.2
Ca-2016-Ah10075140-42722,Adam Hart,Wd My Passport Ultra 1Tb Portable External Hard Drive,Central Us,165.6,-6.21
Ca-2016-Ah10075140-42722,Adam Hart,Xerox 214,Central Us,51.84,18.144
Ca-2016-Ah10120140-42552,Adrian Hane,Kingston Digital Datatraveler 16Gb Usb 2.0,Central Us,50.12,-0.6265
Ca-2016-Aj10945140-42693,Ashley Jarboe,Novimex Swivel Fabric Task Chair,Central Us,301.96,33.2156
Ca-2016-Aj78023-42527,Anthony Jacobs,"Deflect-O Light Bulb, Black",Canada,18.99,6.81
Ca-2016-Am10360140-42568,Alice Mccarthy,"Personal Filing Tote With Lid, Black/Gray",Central Us,37.224,3.7224
Ca-2016-Am10360140-42568,Alice Mccarthy,Southworth 25% Cotton Antique Laid Paper & Envelopes,Central Us,20.016,6.255
Ca-2016-Am70523-42723,Anne Mcfarland,"Binney & Smith Markers, Easy-Erase",Canada,24.36,9.72
Ca-2016-As10090140-42493,Adam Shillingsburg,Akro Stacking Bins,Central Us,18.936,-3.7872
Ca-2016-As10090140-42493,Adam Shillingsburg,Avery 502,Central Us,5.04,1.764
Ca-2016-As10090140-42493,Adam Shillingsburg,Sterilite Show Offs Storage Containers,Central Us,12.672,-3.168
Ca-2016-As10090140-42625,Adam Shillingsburg,Insertable Tab Indexes For Data Binders,Central Us,1.908,-3.2436
Ca-2016-As10090140-42625,Adam Shillingsburg,Smead Alpha-Z Color-Coded Name Labels First Letter Starter Set,Central Us,6,2.1
Ca-2016-As10285140-42512,Alejandro Savely,"Pressboard Covers With Storage Hooks, 9 1/2"" X 11"", Light Blue",Central Us,1.964,-3.2406
Ca-2016-As10285140-42512,Alejandro Savely,Southworth 100% Cotton The Best Paper,Central Us,82.656,30.996
Ca-2016-As22523-42716,Alan Schoenberger,"Boston Markers, Fluorescent",Canada,27.63,4.14
Ca-2016-At10735140-42521,Annie Thurman,Anker 36W 4-Port Usb Wall Charger Travel Power Adapter For Iphone 5S 5C 5,Central Us,79.96,7.996
Ca-2016-At10735140-42521,Annie Thurman,Sony Micro Vault Click 16 Gb Usb 2.0 Flash Drive,Central Us,223.96,11.198
Ca-2016-Aw10930140-42534,Arthur Wiediger,"Acco Pressboard Covers With Storage Hooks, 14 7/8"" X 11"", Executive Red",Central Us,1.524,-2.667
Ca-2016-Aw10930140-42534,Arthur Wiediger,Apc 7 Outlet Network Surgearrest Surge Protector,Central Us,64.384,-160.96
Ca-2016-Aw10930140-42534,Arthur Wiediger,Dax Clear Box Frame,Central Us,6.984,-4.5396
Ca-2016-Aw10930140-42534,Arthur Wiediger,Global Enterprise Series Seating High-Back Swivel/Tilt Chairs,Central Us,379.372,-119.2312
Ca-2016-Aw10930140-42534,Arthur Wiediger,Nontoxic Chalk,Central Us,11.264,3.9424
Ca-2016-Aw10930140-42534,Arthur Wiediger,Staples,Central Us,67.536,6.7536
Ca-2016-Aw10930140-42534,Arthur Wiediger,Xerox 1975,Central Us,15.552,5.6376
Ca-2016-Aw10930140-42693,Arthur Wiediger,"Tennsco Snap-Together Open Shelving Units, Starter Sets And Add-On Units",Central Us,1117.92,55.896
Ca-2016-Bb11545140-42686,Brenda Bowman,Belkin F8E887 Usb Wired Ergonomic Keyboard,Central Us,95.968,1.1996
Ca-2016-Bb11545140-42686,Brenda Bowman,Global Chrome Stack Chair,Central Us,47.992,-2.0568
Ca-2016-Bb11545140-42700,Brenda Bowman,Chromcraft Round Conference Tables,Central Us,1568.61,329.4081
Ca-2016-Bb11545140-42700,Brenda Bowman,Memorex Mini Travel Drive 32 Gb Usb 2.0 Flash Drive,Central Us,160,62.4
Ca-2016-Bb11545140-42700,Brenda Bowman,Wilson Jones International Size A4 Ring Binders,Central Us,17.3,8.304
Ca-2016-Bd11770140-42493,Bryan Davis,Panasonic Kp-380Bk Classic Electric Pencil Sharpener,Central Us,86.352,5.397
Ca-2016-Be11335140-42577,Bill Eplett,Quality Park Security Envelopes,Central Us,20.936,7.0659
Ca-2016-Be11410140-42658,Bobby Elias,Plantronics Cs510 - Over-The-Head Monaural Wireless Headset System,Central Us,1649.75,544.4175
Ca-2016-Be11455140-42619,Brad Eason,Panasonic Kp-380Bk Classic Electric Pencil Sharpener,Central Us,107.94,26.985
Ca-2016-Bf10975140-42695,Barbara Fisher,"Ampad Poly Cover Wirebound Steno Book, 6"" X 9"" Assorted Colors, Gregg Ruled",Central Us,9.08,4.086
Ca-2016-Bf10975140-42695,Barbara Fisher,"Pressboard Covers With Storage Hooks, 9 1/2"" X 11"", Light Blue",Central Us,4.91,2.3077
Ca-2016-Bf10975140-42695,Barbara Fisher,Xerox 189,Central Us,314.55,150.984
Ca-2016-Bf11020140-42559,Barry Französisch,Acco Hot Clips Clips To Go,Central Us,2.632,0.8225
Ca-2016-Bf11020140-42559,Barry Französisch,Flat Face Poster Frame,Central Us,60.288,-27.1296
Ca-2016-Bf11020140-42559,Barry Französisch,Global Ergonomic Managers Chair,Central Us,253.372,-14.4784
Ca-2016-Bf11020140-42559,Barry Französisch,Tops Wirebound Message Log Books,Central Us,23.688,7.6986
Ca-2016-Bf11215140-42531,Benjamin Farhat,"Bush Cubix Conference Tables, Fully Assembled",Central Us,692.94,173.235
Ca-2016-Bg11035140-42692,Barry Gonzalez,Apple Earpods With Remote And Mic,Central Us,67.176,6.7176
Ca-2016-Bg11035140-42692,Barry Gonzalez,"Tops Voice Message Log Book, Flash Format",Central Us,15.232,5.5216
Ca-2016-Bg11740140-42620,Bruce Geld,"Tenex Personal Project File With Scoop Front Design, Black",Central Us,10.784,0.8088
Ca-2016-Bm11785140-42566,Bryan Mills,Blue Parrot B250Xt Professional Grade Wireless Bluetooth Headset With,Central Us,419.944,52.493
Ca-2016-Bo11350140-42372,Bill Overfelt,"Hon Practical Foundations 30 X 60 Training Table, Light Gray/Charcoal",Central Us,1592.85,350.427
Ca-2016-Bo11350140-42372,Bill Overfelt,Storex Dura Pro Binders,Central Us,11.88,5.346
Ca-2016-Bp11050140-42724,Barry Pond,Wilson Jones Easy Flow Ii Sheet Lifters,Central Us,1.8,-2.88
Ca-2016-Bp11185140-42728,Ben Peterman,"Bush Westfield Collection Bookcases, Fully Assembled",Central Us,141.372,-14.1372
Ca-2016-Bp11230140-42638,Benjamin Patterson,Avery Heavy-Duty Ezd View Binder With Locking Rings,Central Us,6.38,2.9348
Ca-2016-Bp11230140-42638,Benjamin Patterson,Xerox 232,Central Us,6.48,3.1104
Ca-2016-Bp11290140-42522,Beth Paige,"Executive Impressions 16-1/2"" Circular Wall Clock",Central Us,32.064,-12.8256
Ca-2016-Bp11290140-42522,Beth Paige,Global Highback Leather Tilter In Burgundy,Central Us,191.079,-38.2158
Ca-2016-Bp11290140-42522,Beth Paige,Xerox 1899,Central Us,18.496,6.7048
Ca-2016-Bp11290140-42522,Beth Paige,Xerox 212,Central Us,10.368,3.6288
Ca-2016-Bs11365140-42542,Bill Shonely,"Executive Impressions 13"" Clairmont Wall Clock",Central Us,57.69,23.6529
Ca-2016-Bs11365140-42542,Bill Shonely,Imation 30456 Usb Flash Drive 8Gb,Central Us,6.9,0.552
Ca-2016-Bs11590140-42631,Brendan Sweed,Sanford Liquid Accent Highlighters,Central Us,33.4,12.358
Ca-2016-Bs11665140-42518,Brian Stugart,36X48 Hardfloor Chairmat,Central Us,25.176,-33.3582
Ca-2016-Bs11665140-42518,Brian Stugart,G.E. Halogen Desk Lamp Bulbs,Central Us,5.584,-1.6752
Ca-2016-Bs11665140-42518,Brian Stugart,Standard Rollaway File With Lock,Central Us,1297.368,97.3026
Ca-2016-Bs11755140-42705,Bruce Stewart,"Adams Phone Message Book, 200 Message Capacity, 8 1/16” X 11”",Central Us,13.76,6.3296
Ca-2016-Bs11755140-42705,Bruce Stewart,High-Back Leather Manager'S Chair,Central Us,389.97,35.0973
Ca-2016-Bs11755140-42705,Bruce Stewart,"Rediform Incoming/Outgoing Call Register, 11"" X 8 1/2"", 100 Messages",Central Us,33.36,16.68
Ca-2016-Bs11755140-42705,Bruce Stewart,Sensible Storage Wiretech Storage Systems,Central Us,496.86,24.843
Ca-2016-Ca12055140-42485,Cathy Armstrong,Plantronics S12 Corded Telephone Headset System,Central Us,258.696,64.674
Ca-2016-Cb12415140-42494,Christy Brittain,Acco Smartsocket Color-Coded Six-Outlet Ac Adapter Model Surge Protectors,Central Us,26.406,-71.2962
Ca-2016-Cb12415140-42494,Christy Brittain,Heavy-Duty E-Z-D Binders,Central Us,2.182,-3.6003
Ca-2016-Cb12415140-42494,Christy Brittain,Newell 316,Central Us,27.384,2.7384
Ca-2016-Cc12100140-42643,Chad Cunningham,Newell 328,Central Us,40.88,10.6288
Ca-2016-Cc12145140-42591,Charles Crestani,Xerox 1954,Central Us,10.56,4.752
Ca-2016-Cc12220140-42433,Chris Cortes,Canon Pc170 Desktop Personal Copier,Central Us,287.91,33.5895
Ca-2016-Cc12220140-42433,Chris Cortes,"Office Impressions End Table, 20-1/2""H X 24""W X 20""D",Central Us,637.896,-127.5792
Ca-2016-Cc12220140-42433,Chris Cortes,"White Envelopes, White Envelopes With Clear Poly Window",Central Us,36.6,11.895
Ca-2016-Cc12220140-42645,Chris Cortes,Plantronics Cordless Phone Headset With In-Line Volume - M214C,Central Us,69.9,18.873
Ca-2016-Cc12220140-42645,Chris Cortes,Westinghouse Clip-On Gooseneck Lamps,Central Us,41.85,10.881
Ca-2016-Cc12670140-42433,Craig Carreira,Plantronics Encore H101 Dual Earpieces Headset,Central Us,134.85,37.758
Ca-2016-Cc222023-42445,Chris Cortes,"Sanford Pencil Sharpener, Water Color",Canada,26.1,6.78
Ca-2016-Cc222023-42573,Chris Cortes,"Cardinal 3-Hole Punch, Clear",Canada,282.6,59.1
Ca-2016-Cc222023-42573,Chris Cortes,"Stiletto Box Cutter, High Speed",Canada,35.97,7.89
Ca-2016-Cc222023-42615,Chris Cortes,"Bevis Wood Table, With Bottom Storage",Canada,533.61,170.73
Ca-2016-Cd11920140-42734,Carlos Daly,Belkin 8 Outlet Surge Protector,Central Us,81.96,22.9488
Ca-2016-Cd11920140-42734,Carlos Daly,"Executive Impressions 10"" Spectator Wall Clock",Central Us,70.56,23.9904
Ca-2016-Cd12790140-42659,Cynthia Delaney,Avery 49,Central Us,20.16,9.8784
Ca-2016-Cd12790140-42659,Cynthia Delaney,Avery 508,Central Us,29.46,14.4354
Ca-2016-Cd12790140-42659,Cynthia Delaney,Hoover Upright Vacuum With Dirt Cup,Central Us,868.59,251.8911
Ca-2016-Cd12790140-42659,Cynthia Delaney,Ibico Plastic Spiral Binding Combs,Central Us,121.6,55.936
Ca-2016-Cd12790140-42659,Cynthia Delaney,Samsung Replacement Eh64Avfwe Premium Headset,Central Us,5.5,1.375
Ca-2016-Cd12790140-42659,Cynthia Delaney,Xerox 1999,Central Us,12.96,6.2208
Ca-2016-Cd198023-42420,Carol Darley,"Smead Round Labels, Laser Printer Compatible",Canada,6.9,2.46
Ca-2016-Ck12205140-42575,Chloris Kastensmidt,Acme Elite Stainless Steel Scissors,Central Us,13.344,1.0008
Ca-2016-Ck12205140-42575,Chloris Kastensmidt,Boston 1645 Deluxe Heavier-Duty Electric Pencil Sharpener,Central Us,175.92,15.393
Ca-2016-Ck12205140-42575,Chloris Kastensmidt,Newell 339,Central Us,4.448,0.3336
Ca-2016-Ck12205140-42575,Chloris Kastensmidt,Storex Dura Pro Binders,Central Us,4.752,-8.316
Ca-2016-Ck12205140-42575,Chloris Kastensmidt,Xerox 231,Central Us,5.184,1.8144
Ca-2016-Cl12565140-42678,Clay Ludtke,"Avery Durable Plastic 1"" Binders",Central Us,27.24,13.3476
Ca-2016-Cl12565140-42678,Clay Ludtke,"Hunt Powerhouse Electric Pencil Sharpener, Blue",Central Us,75.96,22.788
Ca-2016-Cl189023-42542,Carl Ludwig,"Tenex Trays, Wire Frame",Canada,53.28,26.64
Ca-2016-Cm12235140-42517,Chris Mcafee,Nu-Dell Float Frame 11 X 14 1/2,Central Us,26.94,11.3148
Ca-2016-Cm12235140-42595,Chris Mcafee,Logitech Dinovo Edge Keyboard,Central Us,1399.944,52.4979
Ca-2016-Cm12445140-42664,Chuck Magee,"Black Print Carbonless Snap-Off Rapid Letter, 8 1/2"" X 7""",Central Us,51.016,15.9425
Ca-2016-Cm12445140-42664,Chuck Magee,Office Star - Ergonomically Designed Knee Chair,Central Us,56.686,-14.5764
Ca-2016-Cm12445140-42664,Chuck Magee,Staples,Central Us,25.248,7.89
Ca-2016-Cp208523-42683,Cathy Prescott,"Bevis Coffee Table, Rectangular",Canada,315.75,129.45
Ca-2016-Cp208523-42683,Cathy Prescott,"Globeweis Mailers, Set Of 50",Canada,38.55,0.36
Ca-2016-Cp208523-42683,Cathy Prescott,"Panasonic Printer, White",Canada,529.8,116.52
Ca-2016-Cr12580140-42479,Clay Rozendal,"Adams Telephone Message Books, 5 1/4” X 11”",Central Us,9.664,3.2616
Ca-2016-Cr12580140-42479,Clay Rozendal,Safco Industrial Wire Shelving,Central Us,230.376,-48.9549
Ca-2016-Cr12730140-42534,Craig Reiter,Xerox 1978,Central Us,23.12,8.381
Ca-2016-Cs11950140-42617,Carlos Soltero,"Xtralife Clearvue Slant-D Ring Binder, White, 3""",Central Us,8.808,-14.9736
Ca-2016-Cs12175140-42640,Charles Sheldon,Hammermill Color Copier Paper (28Lb. And 96 Bright),Central Us,9.99,4.4955
Ca-2016-Cs12250140-42636,Chris Selesnick,"Dax Two-Tone Rosewood/Black Document Frame, Desktop, 5 X 7",Central Us,18.96,7.584
Ca-2016-Cs12490140-42676,Cindy Schnelling,"Tenex Personal Filing Tote With Secure Closure Lid, Black/Frost",Central Us,111.672,6.9795
Ca-2016-Db12910140-42623,Daniel Byrd,"Eldon Expressions Punched Metal & Wood Desk Accessories, Black & Cherry",Central Us,15.008,-12.0064
Ca-2016-Db291023-42594,Daniel Byrd,"Belkin Memory Card, Usb",Canada,460.08,0
Ca-2016-Db291023-42602,Daniel Byrd,"Brother Ink, Digital",Canada,587.76,146.88
Ca-2016-Db291023-42602,Daniel Byrd,"Eaton Message Books, Multicolor",Canada,131.94,60.66
Ca-2016-Dc285023-42647,Dan Campbell,"Breville Coffee Grinder, Black",Canada,61.29,21.45
Ca-2016-Dc285023-42647,Dan Campbell,"Stockwell Staples, Metal",Canada,43.68,16.56
Ca-2016-Df13135140-42399,David Flashing,Avery Durable Binders,Central Us,1.728,-2.6784
Ca-2016-Df13135140-42399,David Flashing,Bretford “Just In Time” Height-Adjustable Multi-Task Work Tables,Central Us,626.1,-538.446
Ca-2016-Df13135140-42399,David Flashing,Nokia Lumia 1020,Central Us,1439.968,143.9968
Ca-2016-Dh13075140-42546,Dave Hallsten,Holmes Hepa Air Purifier,Central Us,8.712,-19.602
Ca-2016-Dj13420140-42463,Denny Joy,Global Executive Mid-Back Manager'S Chair,Central Us,1454.9,378.274
Ca-2016-Dj351023-42518,Don Jones,"Sandisk Cards & Envelopes, Premium",Canada,193.68,73.56
Ca-2016-Dl286523-42599,Dan Lawera,"Eldon File Cart, Industrial",Canada,255.78,30.66
Ca-2016-Dl333023-42394,Denise Leinenbach,"Acme Letter Opener, Serrated",Canada,107.64,7.44
Ca-2016-Dl333023-42394,Denise Leinenbach,"Kleencut Shears, Easy Grip",Canada,48.39,0
Ca-2016-Dm12955140-42451,Dario Medina,Prang Dustless Chalk Sticks,Central Us,1.344,0.504
Ca-2016-Dm12955140-42451,Dario Medina,Safco Drafting Table,Central Us,99.372,-1.4196
Ca-2016-Dm13345140-42696,Denise Monton,Logitech Mobile Speakerphone P710E - Speaker Phone,Central Us,404.94,109.3338
Ca-2016-Dm13345140-42696,Denise Monton,Xerox 1987,Central Us,40.46,19.8254
Ca-2016-Dm13525140-42619,Don Miller,Staples,Central Us,15.808,5.3352
Ca-2016-Dm13525140-42619,Don Miller,Xerox 1930,Central Us,10.368,3.7584
Ca-2016-Dm13525140-42619,Don Miller,Xerox 202,Central Us,25.92,9.072
Ca-2016-Dm295523-42391,Dario Medina,"Advantus Paper Clips, Assorted Sizes",Canada,22.8,3.42
Ca-2016-Dm295523-42391,Dario Medina,"Cardinal Binding Machine, Economy",Canada,49.77,13.92
Ca-2016-Dm295523-42391,Dario Medina,"Stiletto Ruler, Easy Grip",Canada,66,27
Ca-2016-Dn369023-42666,Duane Noonan,"Fiskars Box Cutter, High Speed",Canada,71.04,24.84
Ca-2016-Dn369023-42666,Duane Noonan,"Hp Fax And Copier, High-Speed",Canada,171.09,66.72
Ca-2016-Dn369023-42666,Duane Noonan,"Kitchenaid Stove, Red",Canada,570.15,159.63
Ca-2016-Dn369023-42666,Duane Noonan,"Samsung Signal Booster, With Caller Id",Canada,136.59,0
Ca-2016-Dr12940140-42704,Daniel Raglin,"Tenex Chairmat W/ Average Lip, 45"" X 53""",Central Us,242.176,-302.72
Ca-2016-Dw13480140-42603,Dianna Wilson,"Skilcraft Telephone Shoulder Rest, 2"" X 6.5"" X 2.5"", Black",Central Us,14.78,3.9906
Ca-2016-Dw13540140-42427,Don Weiss,Dax Two-Tone Silver Metal Document Frame,Central Us,16.192,-6.8816
Ca-2016-Dw348023-42496,Dianna Wilson,"Stanley Pencil Sharpener, Fluorescent",Canada,49.56,15.84
Ca-2016-Dw348023-42606,Dianna Wilson,"Brother Ink, Color",Canada,148.74,72.87
Ca-2016-Dw348023-42606,Dianna Wilson,"Hewlett Wireless Fax, High-Speed",Canada,2270.34,1112.4
Ca-2016-Ea14035140-42416,Erin Ashbrook,Advantus Push Pins,Central Us,6.976,1.8312
Ca-2016-Ea14035140-42416,Erin Ashbrook,"Global Stack Chair With Arms, Black",Central Us,62.958,-2.6982
Ca-2016-Ea14035140-42416,Erin Ashbrook,Honeywell Enviracaire Portable Air Cleaner For Up To 8 X 10 Room,Central Us,92.064,-225.5568
Ca-2016-Ea14035140-42416,Erin Ashbrook,Xerox 206,Central Us,5.184,1.8144
Ca-2016-Ea14035140-42542,Erin Ashbrook,Logitech Trackman Marble Mouse,Central Us,95.968,26.3912
Ca-2016-Ea14035140-42542,Erin Ashbrook,Xerox 206,Central Us,10.368,3.6288
Ca-2016-Ea14035140-42554,Erin Ashbrook,"Global Airflow Leather Mesh Back Chair, Black",Central Us,528.43,0
Ca-2016-Ea14035140-42554,Erin Ashbrook,Xerox 201,Central Us,41.472,14.5152
Ca-2016-Eb13930140-42427,Eric Barreto,Flexible Leather- Look Classic Collection Ring Binder,Central Us,56.82,28.41
Ca-2016-Eb14170140-42680,Evan Bailliet,Avery 490,Central Us,11.84,4.44
Ca-2016-Ed388523-42477,Emily Ducich,"Boston Pens, Fluorescent",Canada,15.48,2.61
Ca-2016-Eh13990140-42695,Erica Hackney,Wireless Extenders Zboost Yx545 Soho Signal Booster,Central Us,151.192,13.2293
Ca-2016-El13735140-42483,Ed Ludwig,Eldon Advantage Chair Mats For Low To Medium Pile Carpets,Central Us,86.62,8.662
Ca-2016-Em13825140-42619,Elizabeth Moffitt,"Executive Impressions 12"" Wall Clock",Central Us,21.204,-11.6622
Ca-2016-Em14140140-42521,Eugene Moren,"Acco 7-Outlet Masterpiece Power Center, Wihtout Fax/Phone Line Protection",Central Us,364.74,109.422
Ca-2016-Em14140140-42521,Eugene Moren,"Dax Charcoal/Nickel-Tone Document Frame, 5 X 7",Central Us,47.4,21.33
Ca-2016-Em14140140-42521,Eugene Moren,Eldon Simplefile Box Office,Central Us,49.76,13.9328
Ca-2016-Em14140140-42521,Eugene Moren,Newell 333,Central Us,5.56,1.4456
Ca-2016-Em14140140-42521,Eugene Moren,Newell 343,Central Us,14.7,3.969
Ca-2016-Em14140140-42521,Eugene Moren,Vtech Ds6151,Central Us,125.99,35.2772
Ca-2016-Em14140140-42521,Eugene Moren,Xerox 1915,Central Us,629.1,301.968
Ca-2016-Em14140140-42521,Eugene Moren,Xerox 217,Central Us,45.36,21.7728
Ca-2016-En13780140-42634,Edward Nazzal,Gbc Poly Designer Binding Covers,Central Us,83.7,41.013
Ca-2016-Ep13915140-42655,Emily Phan,Avery Fluorescent Highlighter Four-Color Set,Central Us,5.344,0.668
Ca-2016-Ep13915140-42655,Emily Phan,Newell 309,Central Us,27.72,3.465
Ca-2016-Er13855140-42620,Elpida Rittenbach,Fellowes Basic Home/Office Series Surge Protectors,Central Us,77.88,22.5852
Ca-2016-Es402023-42675,Erica Smith,"Ikea Stackable Bookrack, Traditional",Canada,735.48,271.98
Ca-2016-Fc14245140-42661,Frank Carlisle,Honeywell Enviracaire Portable Hepa Air Cleaner For 16' X 20' Room,Central Us,1927.59,751.7601
Ca-2016-Fc14245140-42661,Frank Carlisle,Panasonic Kx-Tg9541B Dect 6.0 Digital 2-Line Expandable Cordless Phone With Digital Answering System,Central Us,449.97,220.4853
Ca-2016-Fh14275140-42687,Frank Hawley,Belkin F9H710-06 7 Outlet Surgemaster Surge Protector,Central Us,37.68,10.5504
Ca-2016-Fh14275140-42687,Frank Hawley,Cardinal Slant-D Ring Binders,Central Us,17.38,8.69
Ca-2016-Fh14275140-42687,Frank Hawley,Newell 332,Central Us,20.58,5.5566
Ca-2016-Fh14275140-42687,Frank Hawley,"Tyvek  Top-Opening Peel & Seel  Envelopes, Gray",Central Us,287.52,129.384
Ca-2016-Fh14275140-42687,Frank Hawley,Xerox 1896,Central Us,19.98,8.991
Ca-2016-Ga14515140-42699,George Ashbrook,At&T 1080 Phone,Central Us,657.552,49.3164
Ca-2016-Ga14515140-42701,George Ashbrook,Dixon Ticonderoga Erasable Checking Pencils,Central Us,17.856,4.2408
Ca-2016-Gb14530140-42714,George Bell,"Hunt Boston Vista Battery-Operated Pencil Sharpener, Black",Central Us,9.328,0.8162
Ca-2016-Gb14530140-42714,George Bell,Things To Do Today Pad,Central Us,9.392,3.2872
Ca-2016-Gg14650140-42702,Greg Guthrie,Memorex Micro Travel Drive 8 Gb,Central Us,62.4,19.5
Ca-2016-Gg14650140-42702,Greg Guthrie,"Safco Commercial Wire Shelving, 72H",Central Us,97.984,-24.496
Ca-2016-Gh14410140-42619,Gary Hansen,Advantus Map Pennant Flags And Round Head Tacks,Central Us,28.44,4.266
Ca-2016-Gh14410140-42619,Gary Hansen,"Eureka The Boss Plus 12-Amp Hard Box Upright Vacuum, Red",Central Us,62.79,-166.3935
Ca-2016-Gh14485140-42713,Gene Hale,"Electrix Architect'S Clamp-On Swing Arm Lamp, Black",Central Us,190.92,-147.963
Ca-2016-Gh14485140-42713,Gene Hale,Ge 30524Ee4,Central Us,1097.544,123.4737
Ca-2016-Gh448523-42722,Gene Hale,"Acco Index Tab, Clear",Canada,16.08,6.72
Ca-2016-Gh448523-42722,Gene Hale,"Hoover Microwave, Black",Canada,308.07,30.78
Ca-2016-Gh448523-42722,Gene Hale,"Samsung Speaker Phone, Full Size",Canada,124.53,29.88
Ca-2016-Gm14455140-42466,Gary Mitchum,Eldon Portable Mobile Manager,Central Us,158.368,13.8572
Ca-2016-Gm14500140-42501,Gene Mcclure,Grip Seal Envelopes,Central Us,7.072,2.3868
Ca-2016-Gt475523-42379,Guy Thornton,"Logitech Router, Programmable",Canada,248.82,89.55
Ca-2016-Gz14470140-42706,Gary Zandusky,Universal Premium White Copier/Laser Paper (20Lb. And 87 Bright),Central Us,23.92,11.7208
Ca-2016-Ha14920140-42657,Helen Andreada,Array Memo Cubes,Central Us,8.288,3.0044
Ca-2016-Ha14920140-42657,Helen Andreada,Avery Non-Stick Binders,Central Us,6.286,-11.0005
Ca-2016-Ha14920140-42657,Helen Andreada,Newell 334,Central Us,15.872,1.1904
Ca-2016-Ha14920140-42657,Helen Andreada,Razer Kraken Pro Over Ear Pc And Music Headset,Central Us,191.976,23.997
Ca-2016-Ha14920140-42657,Helen Andreada,"Tenex ""The Solids"" Textured Chair Mats",Central Us,139.92,-150.414
Ca-2016-Ha492023-42604,Helen Andreada,"Green Bar Note Cards, 8.5 X 11",Canada,59.4,24.9
Ca-2016-He14800140-42399,Harold Engle,Xerox 1943,Central Us,156.512,52.8228
Ca-2016-Hg15025140-42645,Hunter Glantz,Imation 16Gb Mini Traveldrive Usb 2.0 Flash Drive,Central Us,79.512,20.8719
Ca-2016-Hg15025140-42645,Hunter Glantz,Staples,Central Us,28.352,9.5688
Ca-2016-Hk14890140-42667,Heather Kirkland,Dax Cubicle Frames - 8X10,Central Us,16.156,-12.117
Ca-2016-Hk14890140-42667,Heather Kirkland,Xerox 1929,Central Us,54.816,17.8152
Ca-2016-Hk489023-42492,Heather Kirkland,"Apple Audio Dock, Full Size",Canada,336.36,30.24
Ca-2016-Hl15040140-42546,Hunter Lopez,Panasonic Kx Ts208W Corded Phone,Central Us,440.91,123.4548
Ca-2016-Hl15040140-42647,Hunter Lopez,Staples,Central Us,15.648,5.0856
Ca-2016-Hw14935140-42675,Helen Wasserman,"Carina Mini System Audio Rack, Model Ar050B",Central Us,332.94,9.9882
Ca-2016-Hw14935140-42675,Helen Wasserman,Fiskars Softgrip Scissors,Central Us,21.96,6.1488
Ca-2016-Hw14935140-42675,Helen Wasserman,Hon Mobius Operator'S Chair,Central Us,368.97,81.1734
Ca-2016-Hw14935140-42675,Helen Wasserman,Newell 31,Central Us,12.39,3.4692
Ca-2016-Il15100140-42575,Ivan Liston,Griffin Gc17055 Auxiliary Audio Cable,Central Us,115.136,11.5136
Ca-2016-Il15100140-42618,Ivan Liston,"Boston Ranger #55 Pencil Sharpener, Black",Central Us,62.376,7.0173
Ca-2016-Il15100140-42618,Ivan Liston,Faber Castell Col-Erase Pencils,Central Us,3.912,1.0269
Ca-2016-Ja15970140-42615,Joseph Airdo,Belkin Grip Candy Sheer Case / Cover For Iphone 5 And 5S,Central Us,8.78,2.2828
Ca-2016-Ja15970140-42615,Joseph Airdo,"Eureka The Boss Plus 12-Amp Hard Box Upright Vacuum, Red",Central Us,376.74,71.162
Ca-2016-Ja15970140-42615,Joseph Airdo,Gbc Plastic Binding Combs,Central Us,29.52,14.4648
Ca-2016-Ja15970140-42615,Joseph Airdo,Newell 315,Central Us,11.96,2.99
Ca-2016-Ja15970140-42615,Joseph Airdo,"Wilson Jones 1"" Hanging Dubllock Ring Binders",Central Us,26.4,12.672
Ca-2016-Ja15970140-42615,Joseph Airdo,Wilson Jones Turn Tabs Binder Tool For Ring Binders,Central Us,24.1,11.086
Ca-2016-Jd16150140-42723,Justin Deggeller,Eldon 200 Class Desk Accessories,Central Us,18.84,6.0288
Ca-2016-Je16165140-42710,Justin Ellison,Anker Astro 15000Mah Usb Portable Charger,Central Us,149.97,5.9988
Ca-2016-Je16165140-42710,Justin Ellison,Gbc Prestige Therm-A-Bind Covers,Central Us,171.55,80.6285
Ca-2016-Je16165140-42710,Justin Ellison,"Hon Deluxe Fabric Upholstered Stacking Chairs, Rounded Back",Central Us,1951.84,585.552
Ca-2016-Je16165140-42710,Justin Ellison,Plantronics Cordless Phone Headset With In-Line Volume - M214C,Central Us,384.45,103.8015
Ca-2016-Jf15295140-42674,Jason Fortune-,Newell 312,Central Us,11.68,3.504
Ca-2016-Jf15565140-42591,Jill Fjeld,"Ink Jet Note And Greeting Cards, 8-1/2"" X 5-1/2"" Card Size",Central Us,53.952,17.5344
Ca-2016-Jf15565140-42591,Jill Fjeld,Oic Bulk Pack Metal Binder Clips,Central Us,11.168,3.6296
Ca-2016-Jf15565140-42665,Jill Fjeld,Sandisk Ultra 32 Gb Microsdhc Class 10 Memory Card,Central Us,106.08,-9.282
Ca-2016-Jf529523-42588,Jason Fortune-,"Breville Blender, Silver",Canada,90.24,15.33
Ca-2016-Jg15310140-42433,Jason Gross,Office Star - Mid Back Dual Function Ergonomic High Back Chair With 2-Way Adjustable Arms,Central Us,563.43,-56.343
Ca-2016-Jg15310140-42433,Jason Gross,"Rediform Wirebound ""Phone Memo"" Message Book, 11 X 5-3/4",Central Us,42.784,15.5092
Ca-2016-Jj15445140-42617,Jennifer Jackson,Crate-A-Files,Central Us,54.5,14.17
Ca-2016-Jm15865140-42706,John Murray,Acco 6 Outlet Guardian Premium Surge Suppressor,Central Us,11.648,-30.8672
Ca-2016-Jm15865140-42706,John Murray,"Global Push Button Manager'S Chair, Indigo",Central Us,85.246,-1.2178
Ca-2016-Jm15865140-42706,John Murray,"Situations Contoured Folding Chairs, 4/Set",Central Us,248.43,-17.745
Ca-2016-Jm565523-42588,Jim Mitchum,"Brother Copy Machine, Color",Canada,520.98,62.46
Ca-2016-Jm565523-42588,Jim Mitchum,"Hewlett Fax And Copier, Color",Canada,388.62,85.44
Ca-2016-Jm565523-42588,Jim Mitchum,"Sandisk Router, Erganomic",Canada,254.16,101.64
Ca-2016-Jp15460140-42668,Jennifer Patt,"Eureka Recycled Copy Paper 8 1/2"" X 11"", Ream",Central Us,15.552,5.4432
Ca-2016-Jp552023-42457,Jeremy Pistek,"Ames Peel And Seal, With Clear Poly Window",Canada,133.38,61.2
Ca-2016-Jr621023-42602,Justin Ritter,"Novimex Steel Folding Chair, Set Of Two",Canada,168.96,8.4
Ca-2016-Js15880140-42444,John Stevenson,"Boston Ranger #55 Pencil Sharpener, Black",Central Us,145.544,16.3737
Ca-2016-Js15880140-42444,John Stevenson,"Safco Value Mate Series Steel Bookcases, Baked Enamel Finish On Steel, Gray",Central Us,241.332,-14.196
Ca-2016-Js15880140-42444,John Stevenson,Xerox 1993,Central Us,5.184,1.8792
Ca-2016-Js15880140-42566,John Stevenson,Xerox 1914,Central Us,219.84,79.692
Ca-2016-Js16030140-42664,Joy Smith,"Ikross Bluetooth Portable Keyboard + Cell Phone Stand Holder + Brush For Apple Iphone 5S 5C 5, 4S 4",Central Us,125.7,35.196
Ca-2016-Js16030140-42664,Joy Smith,Pyle Pmp37Led,Central Us,191.98,51.8346
Ca-2016-Js16030140-42664,Joy Smith,Woodgrain Magazine Files By Perma,Central Us,20.86,1.4602
Ca-2016-Js603023-42397,Joy Smith,"Harbour Creations Swivel Stool, Adjustable",Canada,365.22,102.24
Ca-2016-Js603023-42397,Joy Smith,"Smead Folders, Wire Frame",Canada,66.24,3.96
Ca-2016-Ka16525140-42734,Kelly Andreada,White Computer Printout Paper By Universal,Central Us,186.048,67.4424
Ca-2016-Kb16585140-42622,Ken Black,"Belkin Sportfit Armband For Iphone 5S/5C, Fuchsia",Central Us,59.96,21.7355
Ca-2016-Kb16585140-42622,Ken Black,Boston 1645 Deluxe Heavier-Duty Electric Pencil Sharpener,Central Us,70.368,6.1572
Ca-2016-Kb16585140-42714,Ken Black,"Acco Six-Outlet Power Strip, 4' Cord Length",Central Us,60.34,15.6884
Ca-2016-Kb16585140-42714,Ken Black,Newell 318,Central Us,19.46,5.0596
Ca-2016-Kb16600140-42543,Ken Brennan,Avery Durable Slant Ring Binders With Label Holder,Central Us,0.836,-1.3376
Ca-2016-Kc16540140-42689,Kelly Collister,Binder Posts,Central Us,2.296,-3.9032
Ca-2016-Kd16495140-42735,Keith Dawkins,Avery Binding System Hidden Tab Executive Style Index Sets,Central Us,6.924,-10.386
Ca-2016-Kh16330140-42549,Katharine Harms,Global Commerce Series Low-Back Swivel/Tilt Chairs,Central Us,539.658,-7.7094
Ca-2016-Kh16330140-42549,Katharine Harms,"Wirebound Message Books, Four 2 3/4 X 5 White Forms Per Page",Central Us,37.464,12.1758
Ca-2016-Kh16360140-42582,Katherine Hughes,Avery 498,Central Us,9.248,3.1212
Ca-2016-Kh16360140-42582,Katherine Hughes,Tennsco 16-Compartment Lockers With Coat Rack,Central Us,1036.624,51.8312
Ca-2016-Kh16630140-42577,Ken Heidel,Avery 493,Central Us,15.712,5.6956
Ca-2016-Kh16630140-42718,Ken Heidel,Memorex Mini Travel Drive 16 Gb Usb 2.0 Flash Drive,Central Us,63.88,24.9132
Ca-2016-Kl16645140-42514,Ken Lonsdale,Mitel Mivoice 5330E Ip Phone,Central Us,1979.928,148.4946
Ca-2016-Kl16645140-42526,Ken Lonsdale,"Binney & Smith Crayola Metallic Colored Pencils, 8-Color Set",Central Us,7.408,1.2038
Ca-2016-Kl16645140-42526,Ken Lonsdale,Eldon 100 Class Desk Accessories,Central Us,4.044,-2.8308
Ca-2016-Kl16645140-42526,Ken Lonsdale,Ki Conference Tables,Central Us,177.225,-120.513
Ca-2016-Kl16645140-42526,Ken Lonsdale,Luxo Professional Fluorescent Magnifier Lamp With Clamp-Mount Base,Central Us,419.68,-356.728
Ca-2016-Kl16645140-42526,Ken Lonsdale,Puregear Roll-On Screen Protector,Central Us,31.984,11.1944
Ca-2016-Kl16645140-42526,Ken Lonsdale,Staples,Central Us,11.688,-4.6752
Ca-2016-Kl16645140-42526,Ken Lonsdale,Xerox 1957,Central Us,25.92,9.396
Ca-2016-Kl16645140-42583,Ken Lonsdale,Clearone Communications Chat 70 Oc Speaker Phone,Central Us,635.96,165.3496
Ca-2016-Kl16645140-42583,Ken Lonsdale,Eldon Clustermat Chair Mat With Cordless Antistatic Protection,Central Us,272.94,30.0234
Ca-2016-Kl16645140-42583,Ken Lonsdale,Honeywell Quietcare Hepa Air Cleaner,Central Us,283.14,72.358
Ca-2016-Kl16645140-42583,Ken Lonsdale,Polycom Soundpoint Pro Se-225 Corded Phone,Central Us,118.99,33.3172
Ca-2016-Km16225140-42685,Kalyca Meade,3M Polarizing Light Filter Sleeves,Central Us,37.3,17.158
Ca-2016-Km16225140-42685,Kalyca Meade,"Wilson Jones Ledger-Size, Piano-Hinge Binder, 2"", Blue",Central Us,81.96,39.3408
Ca-2016-Km637523-42535,Katherine Murray,"Avery Binding Machine, Recycled",Canada,196.8,84.6
Ca-2016-Kt16480140-42624,Kean Thornton,Ki Adjustable-Height Table,Central Us,300.93,-34.392
Ca-2016-Kt16480140-42624,Kean Thornton,Polycom Vvx 310 Voip Phone,Central Us,719.96,53.997
Ca-2016-Kw16435140-42673,Katrina Willman,Electrix 20W Halogen Replacement Bulb For Zoom-In Desk Lamp,Central Us,67,32.16
Ca-2016-La16780140-42518,Laura Armstrong,Hon 5400 Series Task Chairs For Big And Tall,Central Us,3504.9,700.98
Ca-2016-La16780140-42518,Laura Armstrong,Xerox 1910,Central Us,144.12,69.1776
Ca-2016-La16780140-42518,Laura Armstrong,Xerox 1915,Central Us,314.55,150.984
Ca-2016-La16780140-42728,Laura Armstrong,Cisco Spa 502G Ip Phone,Central Us,287.88,35.985
Ca-2016-La16780140-42728,Laura Armstrong,Cisco Spa112 2 Port Phone Adapter,Central Us,131.88,14.8365
Ca-2016-La16780140-42728,Laura Armstrong,"Ge General Purpose, Extra Long Life, Showcase & Floodlight Incandescent Bulbs",Central Us,2.328,-0.7566
Ca-2016-La16780140-42728,Laura Armstrong,"Permanent Self-Adhesive File Folder Labels For Typewriters, 1 1/8 X 3 1/2, White",Central Us,45.36,14.742
Ca-2016-La16780140-42728,Laura Armstrong,Wireless Extenders Zboost Yx545 Soho Signal Booster,Central Us,453.576,39.6879
Ca-2016-Lc16870140-42436,Lena Cacioppo,Bevis Rectangular Conference Tables,Central Us,145.98,-99.2664
Ca-2016-Lc16870140-42436,Lena Cacioppo,"Commercial Windtunnel Clean Air Upright Vacuum, Replacement Belts, Filtration Bags",Central Us,2.334,-6.3018
Ca-2016-Lc16870140-42436,Lena Cacioppo,Eldon Cleatmat Plus Chair Mats For High Pile Carpets,Central Us,159.04,-194.824
Ca-2016-Lc16870140-42436,Lena Cacioppo,Peel & Stick Add-On Corner Pockets,Central Us,1.728,-2.7648
Ca-2016-Lc16870140-42595,Lena Cacioppo,Xerox 224,Central Us,6.48,3.1104
Ca-2016-Lc16930140-42609,Linda Cazamias,Hon Deluxe Fabric Upholstered Stacking Chairs,Central Us,1024.716,-29.2776
Ca-2016-Lc16930140-42609,Linda Cazamias,Logitech G700S Rechargeable Gaming Mouse,Central Us,159.984,43.9956
Ca-2016-Lc17140140-42547,Logan Currie,Eldon Executive Woodline Ii Cherry Finish Desk Accessories,Central Us,32.712,-26.1696
Ca-2016-Lc17140140-42547,Logan Currie,"Global Value Mid-Back Manager'S Chair, Gray",Central Us,85.246,-6.089
Ca-2016-Ld16855140-42548,Lela Donovan,Newell 311,Central Us,5.304,0.4641
Ca-2016-Ld17005140-42686,Lisa Decherney,Digium D40 Voip Phone,Central Us,257.98,74.8142
Ca-2016-Lh17155140-42714,Logan Haushalter,"Holmes Replacement Filter For Hepa Air Cleaner, Very Large Room, Hepa Filter",Central Us,61.929,23.3954
Ca-2016-Lh17155140-42714,Logan Haushalter,"Lf Elite 3D Dazzle Designer Hard Case Cover, Lf Stylus Pen And Wiper For Apple Iphone 5C Mini Lite",Central Us,10.9,3.052
Ca-2016-Lh17155140-42714,Logan Haushalter,Logitech Trackman Marble Mouse,Central Us,59.98,25.1916
Ca-2016-Lp709523-42524,Liz Preis,"Deflect-O Photo Frame, Black",Canada,51.9,11.4
Ca-2016-Lp709523-42524,Liz Preis,"Sanford Pens, Blue",Canada,22.2,5.28
Ca-2016-Lp709523-42524,Liz Preis,"Stanley Highlighters, Fluorescent",Canada,31.92,11.76
Ca-2016-Lp709523-42524,Liz Preis,"Tenex Box, Blue",Canada,132,32.88
Ca-2016-Lr17035140-42640,Lisa Ryan,High-Back Leather Manager'S Chair,Central Us,454.965,-136.4895
Ca-2016-Lr17035140-42640,Lisa Ryan,Hoover Commercial Lightweight Upright Vacuum With E-Z Empty Dirt Cup,Central Us,93.032,-251.1864
Ca-2016-Ls16975140-42582,Lindsay Shagiari,Gbc Velobind Cover Sets,Central Us,9.264,-13.896
Ca-2016-Ls17245140-42537,Lynn Smith,Xerox 19,Central Us,173.488,54.215
Ca-2016-Ls694523-42491,Linda Southworth,"Belkin Keyboard, Erganomic",Canada,81.69,4.89
Ca-2016-Ls694523-42491,Linda Southworth,"Stanley Pencil Sharpener, Water Color",Canada,111.84,4.44
Ca-2016-Lt17110140-42443,Liz Thompson,Hon Non-Folding Utility Tables,Central Us,557.585,0
Ca-2016-Lt17110140-42443,Liz Thompson,Insertable Tab Indexes For Data Binders,Central Us,1.272,-2.1624
Ca-2016-Lt17110140-42443,Liz Thompson,"Tops Carbonless Receipt Book, Four 2-3/4 X 7-1/4 Money Receipts Per Page",Central Us,70.08,24.528
Ca-2016-Ma17560140-42601,Matt Abelman,Oic Stacking Trays,Central Us,5.344,-2.1376
Ca-2016-Ma17560140-42601,Matt Abelman,Staples,Central Us,9.552,-3.8208
Ca-2016-Mb18085140-42500,Mick Brown,I Need'S 3D Hello Kitty Hybrid Silicone Case Cover For Htc One X 4G With 3D Hello Kitty Stylus Pen Green/Pink,Central Us,19.136,1.9136
Ca-2016-Mb18085140-42618,Mick Brown,Sony Micro Vault Click 16 Gb Usb 2.0 Flash Drive,Central Us,279.95,67.188
Ca-2016-Mb18085140-42618,Mick Brown,Staples,Central Us,16.56,7.7832
Ca-2016-Mc17425140-42568,Mark Cousins,Staples,Central Us,9.552,-3.8208
Ca-2016-Mc17590140-42728,Matt Collister,"Acco Clips To Go Binder Clips, 24 Clips In Two Sizes",Central Us,24.85,11.6795
Ca-2016-Mc17845140-42682,Michael Chen,"Executive Impressions 14"" Contract Wall Clock With Quartz Movement",Central Us,44.46,-17.784
Ca-2016-Mc17845140-42682,Michael Chen,"Mini 13-1/2 Capacity Data Binder Rack, Pearl",Central Us,314.088,19.6305
Ca-2016-Md735023-42633,Maribeth Dona,"Fellowes Folders, Blue",Canada,26.4,13.2
Ca-2016-Me17320140-42459,Maria Etezadi,Computer Printout Paper With Letter-Trim Perforations,Central Us,45.528,15.9348
Ca-2016-Me17320140-42459,Maria Etezadi,"Global Leather Highback Executive Chair With Pneumatic Height Adjustment, Black",Central Us,844.116,-36.1764
Ca-2016-Me17320140-42459,Maria Etezadi,Jabra Biz 2300 Duo Qd Duo Corded Headset,Central Us,812.736,60.9552
Ca-2016-Mg17650140-42717,Matthew Grinstein,Fellowes Desktop Hanging File Manager,Central Us,26.86,6.715
Ca-2016-Mg17650140-42717,Matthew Grinstein,Jabra Speak 410,Central Us,657.93,184.2204
Ca-2016-Mg17650140-42717,Matthew Grinstein,Newell 333,Central Us,13.9,3.614
Ca-2016-Mg17650140-42717,Matthew Grinstein,Westinghouse Clip-On Gooseneck Lamps,Central Us,33.48,8.7048
Ca-2016-Mg820523-42491,Mitch Gastineau,"Binney & Smith Pens, Water Color",Canada,15.12,5.43
Ca-2016-Mh17440140-42408,Mark Haberlin,Harbour Creations Steel Folding Chair,Central Us,241.5,0
Ca-2016-Mh17620140-42640,Matt Hagelstein,Gbc Recycled Velobinder Covers,Central Us,6.816,-11.5872
Ca-2016-Mk17905140-42638,Michael Kennedy,Gbc Proclick 150 Presentation Binding System,Central Us,442.372,-729.9138
Ca-2016-Mk790523-42720,Michael Kennedy,"Bush Floating Shelf Set, Metal",Canada,170.73,15.36
Ca-2016-Mm17920140-42708,Michael Moore,"Global Stack Chair With Arms, Black",Central Us,29.98,8.0946
Ca-2016-Mm17920140-42708,Michael Moore,Hon 5100 Series Wood Tables,Central Us,581.96,104.7528
Ca-2016-Mo17500140-42648,Mary O'Rourke,Laser & Ink Jet Business Envelopes,Central Us,59.752,19.4194
Ca-2016-Mp17965140-42720,Michael Paige,Chromcraft Bull-Nose Wood Oval Conference Tables & Bases,Central Us,1652.94,231.4116
Ca-2016-Mp17965140-42720,Michael Paige,"Recycled Data-Pak For Archival Bound Computer Printouts, 12-1/2 X 12-1/2 X 16",Central Us,296.37,80.0199
Ca-2016-Mp18175140-42710,Mike Pelletier,Newell 311,Central Us,3.536,0.3094
Ca-2016-Ms17710140-42517,Maurice Satty,Logitech G13 Programmable Gameboard With Lcd Display,Central Us,63.992,-7.1991
Ca-2016-Ms17710140-42517,Maurice Satty,Office Star Flex Back Scooter Chair With White Frame,Central Us,388.43,-88.784
Ca-2016-Ms17710140-42517,Maurice Satty,Universal Premium White Copier/Laser Paper (20Lb. And 87 Bright),Central Us,14.352,5.2026
Ca-2016-Ms17710140-42517,Maurice Satty,Xerox 212,Central Us,10.368,3.6288
Ca-2016-Mt17815140-42732,Meg Tillman,"It'S Hot Message Books With Stickers, 2 3/4"" X 5""",Central Us,23.68,7.4
Ca-2016-Mt17815140-42732,Meg Tillman,Xerox 214,Central Us,10.368,3.6288
Ca-2016-Mt18070140-42594,Michelle Tran,Avery Hanging File Binders,Central Us,41.86,19.2556
Ca-2016-Mt18070140-42594,Michelle Tran,"Premium Transparent Presentation Covers, No Pattern/Clear, 8 1/2"" X 11""",Central Us,77.56,35.6776
Ca-2016-Mt18070140-42594,Michelle Tran,Xerox 202,Central Us,32.4,15.552
Ca-2016-My18295140-42445,Muhammed Yedwab,"Gbc Pre-Punched Binding Paper, Plastic, White, 8-1/2"" X 11""",Central Us,22.386,-35.8176
Ca-2016-My18295140-42445,Muhammed Yedwab,Novimex Swivel Fabric Task Chair,Central Us,528.43,-143.431
Ca-2016-My18295140-42707,Muhammed Yedwab,Sauder Camden County Collection Library,Central Us,781.864,-137.976
Ca-2016-My18295140-42707,Muhammed Yedwab,Xerox 1962,Central Us,30.816,9.63
Ca-2016-Mz17515140-42533,Mary Zewe,Computer Printout Index Tabs,Central Us,1.344,-2.1504
Ca-2016-Mz17515140-42533,Mary Zewe,Gbc Wire Binding Combs,Central Us,8.272,-13.6488
Ca-2016-Mz17515140-42533,Mary Zewe,"Stacking Tray, Side-Loading, Legal, Smoke",Central Us,12.544,-9.0944
Ca-2016-Nb18655140-42489,Nona Balk,Avery 493,Central Us,15.712,5.6956
Ca-2016-Nb18655140-42489,Nona Balk,Nortel Meridian M3904 Professional Digital Phone,Central Us,369.576,41.5773
Ca-2016-Nf18385140-42601,Natalie Fritzler,Advantus Motivational Note Cards,Central Us,83.84,30.392
Ca-2016-Nf18385140-42601,Natalie Fritzler,Gbc Wire Binding Combs,Central Us,2.068,-3.4122
Ca-2016-Nf18475140-42575,Neil Französisch,"Gbc Laser Imprintable Binding System Covers, Desert Sand",Central Us,11.416,-18.8364
Ca-2016-Nf838523-42549,Natalie Fritzler,"Cameo Interoffice Envelope, Set Of 50",Canada,47.43,17.07
Ca-2016-Nf838523-42549,Natalie Fritzler,"Enermax Note Cards, Premium",Canada,57,5.7
Ca-2016-Nf838523-42549,Natalie Fritzler,"Ibico Binder, Recycled",Canada,31.68,2.52
Ca-2016-Nf838523-42549,Natalie Fritzler,"Konica Printer, White",Canada,266.25,79.86
Ca-2016-Ng835523-42404,Nat Gilpin,"Acco Hole Reinforcements, Clear",Canada,6.12,0.24
Ca-2016-Ng843023-42661,Nathan Gelder,"Avery 3-Hole Punch, Economy",Canada,111.48,55.68
Ca-2016-Ng843023-42661,Nathan Gelder,"Hoover Microwave, Red",Canada,617.28,123.42
Ca-2016-Nh18610140-42639,Nicole Hansen,Avery 499,Central Us,15.936,5.1792
Ca-2016-Nm18520140-42376,Neoma Murray,"Executive Impressions 13"" Clairmont Wall Clock",Central Us,23.076,-10.9611
Ca-2016-Nm18520140-42376,Neoma Murray,Xerox 212,Central Us,25.92,9.072
Ca-2016-Np18670140-42695,Nora Paige,Avaya 5420 Digital Phone,Central Us,944.93,236.2325
Ca-2016-Np18670140-42695,Nora Paige,Avery 519,Central Us,14.62,6.8714
Ca-2016-Nr18550140-42493,Nick Radford,"Office Star - Contemporary Task Swivel Chair With Loop Arms, Charcoal",Central Us,366.744,-110.0232
Ca-2016-Ns18505140-42699,Neola Schneider,Colored Push Pins,Central Us,4.344,0.8688
Ca-2016-Ns18505140-42699,Neola Schneider,"Dixon My First Ticonderoga Pencil, #2",Central Us,14.04,1.5795
Ca-2016-Ns18505140-42699,Neola Schneider,Logitech G105 Gaming Keyboard,Central Us,94.992,-2.3748
Ca-2016-Ns18505140-42699,Neola Schneider,Logitech G19 Programmable Gaming Keyboard,Central Us,297.576,-7.4394
Ca-2016-Ns18505140-42699,Neola Schneider,Sterilite Officeware Hinged File Box,Central Us,41.92,3.668
Ca-2016-Ns18505140-42699,Neola Schneider,Xerox 1925,Central Us,74.352,23.235
Ca-2016-Ns18640140-42402,Noel Staavos,"Deflect-O Rollamat Studded, Beveled Mat For Medium Pile Carpeting",Central Us,73.784,-77.4732
Ca-2016-Nw840023-42422,Natalie Webber,"Avery File Folder Labels, 5000 Label Set",Canada,19.02,0.72
Ca-2016-Nw840023-42422,Natalie Webber,"Bic Pencil Sharpener, Water Color",Canada,32.19,12.21
Ca-2016-Nw840023-42422,Natalie Webber,"Dania 3-Shelf Cabinet, Traditional",Canada,282.9,135.78
Ca-2016-On18715140-42441,Odella Nelson,"Verbatim 25 Gb 6X Blu-Ray Single Layer Recordable Disc, 25/Pack",Central Us,45.98,19.7714
Ca-2016-On18715140-42441,Odella Nelson,Wilson Jones Leather-Like Binders With Dubllock Round Rings,Central Us,17.46,8.2062
Ca-2016-Pb19105140-42450,Peter Bühler,Belkin Iphone And Ipad Lightning Cable,Central Us,11.992,0.8994
Ca-2016-Pb19210140-42411,Phillip Breyer,Mediabridge Sport Armband Iphone 5S,Central Us,69.93,0.6993
Ca-2016-Pb880523-42370,Patrick Bzostek,"Sanford Highlighters, Blue",Canada,15.75,1.71
Ca-2016-Pf912023-42687,Peter Fuller,"Acco 3-Hole Punch, Economy",Canada,60.24,11.4
Ca-2016-Pf912023-42687,Peter Fuller,"Motorola Speaker Phone, Full Size",Canada,262.14,28.8
Ca-2016-Pj18835140-42678,Patrick Jones,Xerox 1978,Central Us,9.248,3.3524
Ca-2016-Pk19075140-42619,Pete Kriz,Aluminum Document Frame,Central Us,12.22,3.666
Ca-2016-Pk19075140-42619,Pete Kriz,Avery 520,Central Us,22.05,10.584
Ca-2016-Pk19075140-42619,Pete Kriz,Eldon Mobile Mega Data Cart  Mega Stackable  Add-On Trays,Central Us,70.95,20.5755
Ca-2016-Pk19075140-42619,Pete Kriz,Fellowes Bankers Box Staxonsteel Drawer File/Stacking System,Central Us,194.94,23.3928
Ca-2016-Pk19075140-42619,Pete Kriz,Office Star - Ergonomically Designed Knee Chair,Central Us,242.94,29.1528
Ca-2016-Pk19075140-42619,Pete Kriz,"Xerox Color Copier Paper, 11"" X 17"", Ream",Central Us,91.36,42.0256
Ca-2016-Pm19135140-42652,Peter Mcvee,Avery 50,Central Us,60.144,20.2986
Ca-2016-Pm19135140-42666,Peter Mcvee,Eldon 200 Class Desk Accessories,Central Us,31.4,10.048
Ca-2016-Pn18775140-42723,Parhena Norris,Hon Every-Day Series Multi-Task Chairs,Central Us,563.94,112.788
Ca-2016-Po19180140-42534,Philisse Overcash,"Canon Color Imageclass Mf8580Cdw Wireless Laser All-In-One Printer, Copier, Scanner",Central Us,1007.979,43.1991
Ca-2016-Po19180140-42534,Philisse Overcash,Xerox 1908,Central Us,313.488,113.6394
Ca-2016-Po918023-42505,Philisse Overcash,"Acco Index Tab, Clear",Canada,32.16,13.44
Ca-2016-Pv18985140-42422,Paul Van Hugh,Belkin 5 Outlet Surgemaster Power Centers,Central Us,490.32,137.2896
Ca-2016-Pw19030140-42707,Pauline Webber,"Gbc White Gloss Covers, Plain Front",Central Us,115.84,54.4448
Ca-2016-Qj19255140-42471,Quincy Jones,"Bic Brite Liner Grip Highlighters, Assorted, 5/Pack",Central Us,13.568,3.2224
Ca-2016-Qj19255140-42713,Quincy Jones,Motorola Hk250 Universal Bluetooth Headset,Central Us,114.95,2.299
Ca-2016-Ra928523-42603,Ralph Arnett,"Cisco Headset, With Caller Id",Canada,176.88,70.74
Ca-2016-Ra928523-42603,Ralph Arnett,"Konica Calculator, Red",Canada,97.56,38.04
Ca-2016-Ra928523-42603,Ralph Arnett,"Stanley Pens, Blue",Canada,20.1,9.84
Ca-2016-Rb19465140-42612,Rick Bensley,Avery Hidden Tab Dividers For Binding Systems,Central Us,1.788,-3.0396
Ca-2016-Rb19465140-42612,Rick Bensley,Avery Personal Creations Heavyweight Cards,Central Us,64.624,22.6184
Ca-2016-Rb19465140-42612,Rick Bensley,Sandisk Ultra 64 Gb Microsdhc Class 10 Memory Card,Central Us,95.976,-10.7973
Ca-2016-Rb19570140-42489,Rob Beeghly,"Eldon Delta Triangular Chair Mat, 52"" X 58"", Clear",Central Us,30.344,-31.8612
Ca-2016-Rc19825140-42528,Roy Collins,Cisco Small Business Spa 502G Voip Phone,Central Us,328.224,28.7196
Ca-2016-Rc19960140-42625,Ryan Crowe,Cameo Buff Policy Envelopes,Central Us,99.568,33.6042
Ca-2016-Rd19480140-42434,Rick Duston,"Green Canvas Binder For 8-1/2"" X 14"" Sheets",Central Us,128.4,64.2
Ca-2016-Rd19480140-42706,Rick Duston,Dax Cubicle Frames - 8X10,Central Us,17.31,5.193
Ca-2016-Rd19585140-42697,Rob Dowd,Ibico Standard Transparent Covers,Central Us,49.44,24.2256
Ca-2016-Rd19660140-42450,Robert Dilbeck,Chromcraft Round Conference Tables,Central Us,697.16,146.4036
Ca-2016-Rd19720140-42696,Roger Demir,Lenovo 17-Key Usb Numeric Keypad,Central Us,81.576,2.0394
Ca-2016-Rd19720140-42696,Roger Demir,"Tenex Personal Project File With Scoop Front Design, Black",Central Us,21.568,1.6176
Ca-2016-Rd19720140-42696,Roger Demir,Xerox 1910,Central Us,38.432,13.4512
Ca-2016-Rd19810140-42616,Ross Devincentis,"Acco Presstex Data Binder With Storage Hooks, Dark Blue, 9 1/2"" X 11""",Central Us,8.608,-13.3424
Ca-2016-Rd19810140-42616,Ross Devincentis,Logitech Mx Performance Wireless Mouse,Central Us,159.56,33.9065
Ca-2016-Rd19900140-42638,Ruben Dartt,"Deflect-O Duramat Lighweight, Studded, Beveled Mat For Low Pile Carpeting",Central Us,127.95,21.7515
Ca-2016-Rf19345140-42710,Randy Ferguson,Avery 483,Central Us,11.952,3.8844
Ca-2016-Rf19735140-42550,Roland Fjeld,Polycom Cx300 Desktop Phone Usb Voip Phone,Central Us,359.976,35.9976
Ca-2016-Rl19615140-42616,Rob Lucas,Okidata C610N Printer,Central Us,1362.9,-19.47
Ca-2016-Rl19615140-42616,Rob Lucas,Rogers Deluxe File Chest,Central Us,35.168,-8.3524
Ca-2016-Rl19615140-42616,Rob Lucas,Self-Adhesive Address Labels For Typewriters By Universal,Central Us,29.24,9.8685
Ca-2016-Rp19855140-42618,Roy Phan,"Hot File 7-Pocket, Floor Stand",Central Us,535.41,160.623
Ca-2016-Rr952523-42531,Rick Reed,"Acme Shears, Serrated",Canada,279.72,8.28
Ca-2016-Rr952523-42531,Rick Reed,"Binney & Smith Canvas, Easy-Erase",Canada,103.26,17.52
Ca-2016-Rr952523-42531,Rick Reed,"Dania Stackable Bookrack, Traditional",Canada,121.05,50.82
Ca-2016-Rr952523-42531,Rick Reed,"Eldon Box, Wire Frame",Canada,9.33,2.97
Ca-2016-Rr952523-42531,Rick Reed,"Fellowes Folders, Single Width",Canada,52.86,21.66
Ca-2016-Rw19630140-42435,Rob Williams,Acco Perma 4000 Stacking Storage Drawers,Central Us,12.992,-0.812
Ca-2016-Rw19630140-42435,Rob Williams,Cameo Buff Policy Envelopes,Central Us,149.352,50.4063
Ca-2016-Rw19630140-42702,Rob Williams,Ibico Plastic Spiral Binding Combs,Central Us,152,69.92
Ca-2016-Rw19630140-42702,Rob Williams,"Verbatim 25 Gb 6X Blu-Ray Single Layer Recordable Disc, 3/Pack",Central Us,34.95,15.378
Ca-2016-Rw963023-42701,Rob Williams,"Ibico Binder Covers, Recycled",Canada,14.01,5.16
Ca-2016-Sc1077023-42459,Stewart Carmichael,"Tenex Shelving, Blue",Canada,54.66,2.73
Ca-2016-Sc20050140-42535,Sample Company A,Ooma Telo Voip Home Phone System,Central Us,377.97,94.4925
Ca-2016-Sc20230140-42560,Scot Coram,Cisco Spa 502G Ip Phone,Central Us,863.64,107.955
Ca-2016-Sc20230140-42560,Scot Coram,Newell 345,Central Us,47.616,3.5712
Ca-2016-Sc20680140-42580,Steve Carroll,Staples,Central Us,20.44,9.198
Ca-2016-Sc20680140-42580,Steve Carroll,Xerox 1889,Central Us,109.92,53.8608
Ca-2016-Sc20695140-42626,Steve Chapman,Xerox 1991,Central Us,68.52,31.5192
Ca-2016-Sc20845140-42686,Sung Chung,Newell 332,Central Us,14.112,1.2348
Ca-2016-Sg1008023-42457,Sandra Glassco,"Fellowes Trays, Wire Frame",Canada,56.46,14.1
Ca-2016-Sg20890140-42584,Susan Gilcrest,Staples,Central Us,19.648,6.6312
Ca-2016-Sh19975140-42512,Sally Hughsby,"Cardinal Holdit! Binder Insert Strips,Extra Strips",Central Us,3.798,-5.8869
Ca-2016-Sj1012523-42589,Sanjit Jacobs,"Avery Binder, Clear",Canada,12.36,1.23
Ca-2016-Sj1012523-42589,Sanjit Jacobs,"Cardinal Binder Covers, Clear",Canada,11.46,2.97
Ca-2016-Sj20125140-42438,Sanjit Jacobs,Pressboard Hanging Data Binders For Unburst Sheets,Central Us,8.856,-14.1696
Ca-2016-Sj20125140-42438,Sanjit Jacobs,"Tyvek Interoffice Envelopes, 9 1/2"" X 12 1/2"", 100/Box",Central Us,146.352,49.3938
Ca-2016-Sj20125140-42438,Sanjit Jacobs,"Verbatim 25 Gb 6X Blu-Ray Single Layer Recordable Disc, 3/Pack",Central Us,27.96,8.388
Ca-2016-Sj20215140-42644,Sarah Jordon,"Pressboard Covers With Storage Hooks, 9 1/2"" X 11"", Light Blue",Central Us,1.964,-3.2406
Ca-2016-Sn20560140-42548,Skye Norling,Insertable Tab Post Binder Dividers,Central Us,8.02,3.7694
Ca-2016-Sn20560140-42548,Skye Norling,"Safco Mobile Desk Side File, Wire Frame",Central Us,171.04,44.4704
Ca-2016-Sn20560140-42548,Skye Norling,"White Dual Perf Computer Printout Paper, 2700 Sheets, 1 Part, Heavyweight, 20 Lbs., 14 7/8 X 11",Central Us,368.91,180.7659
Ca-2016-Sn20710140-42693,Steve Nguyen,4009 Highlighters By Sanford,Central Us,6.368,1.0348
Ca-2016-Sn20710140-42693,Steve Nguyen,"Avery 4027 File Folder Labels For Dot Matrix Printers, 5000 Labels Per Box, White",Central Us,48.848,15.8756
Ca-2016-Sn20710140-42693,Steve Nguyen,"Global Value Steno Chair, Gray",Central Us,255.108,-18.222
Ca-2016-Sn20710140-42693,Steve Nguyen,Xerox 1881,Central Us,19.648,6.6312
Ca-2016-Sp20545140-42444,Sibella Parks,Westinghouse Clip-On Gooseneck Lamps,Central Us,16.74,4.3524
Ca-2016-Sp20650140-42687,Stephanie Phelps,"Dax Charcoal/Nickel-Tone Document Frame, 5 X 7",Central Us,22.752,-8.532
Ca-2016-Sr20740140-42464,Steven Roelle,Xerox 1962,Central Us,10.272,3.21
Ca-2016-Ss1041023-42726,Shahid Shariari,"Binney & Smith Canvas, Water Color",Canada,54.54,26.16
Ca-2016-Ss1041023-42726,Shahid Shariari,"Novimex Round Labels, Laser Printer Compatible",Canada,12.54,5.88
Ca-2016-Ss1041023-42726,Shahid Shariari,"Rogers File Cart, Single Width",Canada,1704.96,272.52
Ca-2016-Ss1041023-42726,Shahid Shariari,"Smead Folders, Industrial",Canada,17.97,4.11
Ca-2016-Ss1041023-42726,Shahid Shariari,"Wilson Jones Hole Reinforcements, Clear",Canada,7.98,0.84
Ca-2016-Ss20590140-42535,Sonia Sunley,Avery 51,Central Us,18.9,8.694
Ca-2016-Ss20590140-42616,Sonia Sunley,"Accohide 3-Ring Binder, Blue, 1""",Central Us,8.26,3.8822
Ca-2016-Ss20590140-42616,Sonia Sunley,Colored Push Pins,Central Us,1.81,0.6516
Ca-2016-Su20665140-42619,Stephanie Ulpright,Xerox 196,Central Us,9.248,3.3524
Ca-2016-Sv20935140-42570,Susan Vittorini,Sandisk Cruzer 4 Gb Usb Flash Drive,Central Us,15.576,3.3099
Ca-2016-Sw20350140-42470,Sean Wendt,Nortel Meridian M5316 Digital Phone,Central Us,517.9,134.654
Ca-2016-Sw20350140-42470,Sean Wendt,Storex Flexible Poly Binders With Double Pockets,Central Us,5.28,2.4288
Ca-2016-Ta21385140-42616,Tom Ashbrook,Deflect-O Duramat Antistatic Studded Beveled Mat For Medium Pile Carpeting,Central Us,84.272,-75.8448
Ca-2016-Tb21280140-42455,Toby Braunhardt,Logitech P710E Mobile Speakerphone,Central Us,1287.45,244.6155
Ca-2016-Tb21355140-42610,Todd Boyes,Portfile Personal File Boxes,Central Us,14.16,1.062
Ca-2016-Tb21355140-42610,Todd Boyes,Southworth 25% Cotton Premium Laser Paper And Envelopes,Central Us,79.92,27.972
Ca-2016-Tb21595140-42734,Troy Blackwell,"Global Leather & Oak Executive Chair, Burgundy",Central Us,754.45,60.356
Ca-2016-Tb21625140-42625,Trudy Brown,Plantronics Encore H101 Dual Earpieces Headset,Central Us,224.75,62.93
Ca-2016-Tc1129523-42602,Toby Carlisle,"Samsung Signal Booster, Cordless",Canada,557.76,228.6
Ca-2016-Tc1129523-42602,Toby Carlisle,"Stockwell Push Pins, Assorted Sizes",Canada,11.43,4.89
Ca-2016-Tc1147523-42372,Tony Chapman,"Avery Binder, Economy",Canada,12.9,5.01
Ca-2016-Tc1147523-42372,Tony Chapman,"Green Bar Note Cards, 8.5 X 11",Canada,178.2,74.7
Ca-2016-Tc1147523-42372,Tony Chapman,"Hewlett Fax Machine, Laser",Canada,319.92,15.99
Ca-2016-Tc1147523-42372,Tony Chapman,"Okidata Inkjet, White",Canada,311.25,40.44
Ca-2016-Tc20980140-42646,Tamara Chand,Acco Perma 4000 Stacking Storage Drawers,Central Us,32.48,4.872
Ca-2016-Tc20980140-42646,Tamara Chand,"Acco Pressboard Covers With Storage Hooks, 14 7/8"" X 11"", Light Blue",Central Us,34.37,16.8413
Ca-2016-Tc20980140-42646,Tamara Chand,Canon Imageclass 2200 Advanced Copier,Central Us,17499.95,8399.976
Ca-2016-Tc20980140-42646,Tamara Chand,Ibico Ibimaster 300 Manual Binding System,Central Us,735.98,331.191
Ca-2016-Tc20980140-42646,Tamara Chand,Stanley Bostitch Contemporary Electric Pencil Sharpeners,Central Us,33.96,9.5088
Ca-2016-Th1155023-42638,Tracy Hopkins,"Binney & Smith Sketch Pad, Blue",Canada,92.64,24.06
Ca-2016-Th21115140-42479,Thea Hudgings,"Global High-Back Leather Tilter, Burgundy",Central Us,344.372,-93.4724
Ca-2016-Th21115140-42479,Thea Hudgings,"Howard Miller 16"" Diameter Gallery Wall Clock",Central Us,127.88,-67.137
Ca-2016-Th21115140-42479,Thea Hudgings,Tennsco 16-Compartment Lockers With Coat Rack,Central Us,1554.936,77.7468
Ca-2016-Tn21040140-42519,Tanja Norvell,Wilson Electronics Db Pro Signal Booster,Central Us,286.4,25.06
Ca-2016-Tp21130140-42614,Theone Pippenger,Super Decoflex Portable Personal File,Central Us,23.968,2.3968
Ca-2016-Tp21415140-42611,Tom Prescott,"Angle-D Binders With Locking Rings, Label Holders",Central Us,13.14,-21.681
Ca-2016-Tp21415140-42611,Tom Prescott,Gbc Proclick Spines For 32-Hole Punch,Central Us,10.024,-16.5396
Ca-2016-Tp21415140-42611,Tom Prescott,"Sauder Camden County Collection Libraries, Planked Cherry Finish",Central Us,156.3728,-52.8908
Ca-2016-Tp21565140-42647,Tracy Poddar,"Eldon Expressions Desk Accessory, Wood Photo Frame, Mahogany",Central Us,38.08,-29.512
Ca-2016-Tr21325140-42619,Toby Ritter,Geemarc Amplipower60,Central Us,278.4,80.736
Ca-2016-Ts1108523-42682,Thais Sissman,"Cardinal Binder, Clear",Canada,13.29,0.39
Ca-2016-Ts1108523-42682,Thais Sissman,"Cardinal Index Tab, Economy",Canada,8.76,4.02
Ca-2016-Ts1108523-42682,Thais Sissman,"Rogers Box, Single Width",Canada,24,2.88
Ca-2016-Ts1134023-42695,Toby Swindell,"Green Bar Message Books, Premium",Canada,142.74,14.22
Ca-2016-Ts1134023-42695,Toby Swindell,"Wilson Jones Hole Reinforcements, Recycled",Canada,19.56,4.68
Ca-2016-Ts21160140-42596,Theresa Swint,Avery Round Ring Poly Binders,Central Us,8.52,4.1748
Ca-2016-Ts21160140-42596,Theresa Swint,O'Sullivan Living Dimensions 2-Shelf Bookcases,Central Us,241.96,24.196
Ca-2016-Ts21430140-42688,Tom Stivers,"Master Giant Foot Doorstop, Safety Yellow",Central Us,30.36,13.0548
Ca-2016-Tt21265140-42694,Tim Taslimi,Acco 6 Outlet Guardian Premium Plus Surge Suppressor,Central Us,54.96,15.9384
Ca-2016-Tt21460140-42483,Tonja Turnell,Pizazz Global Quick File,Central Us,23.952,2.3952
Ca-2016-Tz1144523-42716,Tom Zandusky,"Cardinal Binding Machine, Recycled",Canada,100.26,21
Ca-2016-Vb21745140-42702,Victoria Brennan,Euro-Pro Shark Turbo Vacuum,Central Us,167.292,29.7408
Ca-2016-Vg21805140-42454,Vivek Grady,"Ink Jet Note And Greeting Cards, 8-1/2"" X 5-1/2"" Card Size",Central Us,22.48,10.3408
Ca-2016-Wb21850140-42654,William Brown,"Eldon 400 Class Desk Accessories, Black Carbon",Central Us,14,-6.3
Ca-2016-Wb21850140-42654,William Brown,"Wilson Jones Ledger-Size, Piano-Hinge Binder, 2"", Blue",Central Us,16.392,-26.2272
Ca-2016-Xp21865140-42676,Xylona Preis,Maxell 4.7Gb Dvd-R,Central Us,68.112,17.8794
Ca-2016-Yc21895140-42620,Yoseph Carroll,Advantus Motivational Note Cards,Central Us,41.92,15.196
Ca-2016-Yc21895140-42620,Yoseph Carroll,At&T Cl83451 4-Handset Telephone,Central Us,329.584,37.0782
Ca-2016-Zc21910140-42469,Zuschuss Carroll,Gbc Docubind P400 Electric Binding System,Central Us,1088.792,-1850.9464
Ca-2016-Zc21910140-42469,Zuschuss Carroll,Global Chrome Stack Chair,Central Us,95.984,-4.1136
Ca-2016-Zc21910140-42469,Zuschuss Carroll,Kensington Orbit Wireless Mobile Trackball For Pc And Mac,Central Us,431.928,64.7892
Ca-2016-Zd21925140-42464,Zuschuss Donatelli,Plantronics Voyager Pro Hd - Bluetooth Headset,Central Us,259.96,124.7808
Ca-2016-Zd21925140-42464,Zuschuss Donatelli,"Seth Thomas 13 1/2"" Wall Clock",Central Us,71.12,22.0472
Ca-2017-Aa10315140-42916,Alex Avila,Avery Binding System Hidden Tab Executive Style Index Sets,Central Us,11.54,5.77
Ca-2017-Aa10315140-42916,Alex Avila,"Belkin 325Va Ups Surge Protector, 6'",Central Us,362.94,90.735
Ca-2017-Ab10060140-43045,Adam Bellavance,"Ampad Gold Fibre Wirebound Steno Books, 6"" X 9"", Gregg Ruled",Central Us,4.41,2.0286
Ca-2017-Ab10060140-43045,Adam Bellavance,Staples,Central Us,167.94,82.2906
Ca-2017-Ab10060140-43045,Adam Bellavance,Strathmore Photo Mount Cards,Central Us,67.8,31.188
Ca-2017-Ab10105140-42892,Adrian Barton,Lg G3,Central Us,470.376,52.9173
Ca-2017-Ab10105140-42951,Adrian Barton,Kensington K72356Us Mouse-In-A-Box Usb Desktop Mouse,Central Us,39.816,7.4655
Ca-2017-Ab10150140-43059,Aimee Bixby,Acme Elite Stainless Steel Scissors,Central Us,6.672,0.5004
Ca-2017-Ab10150140-43059,Aimee Bixby,"Boston School Pro Electric Pencil Sharpener, 1670",Central Us,99.136,8.6744
Ca-2017-Ab10150140-43059,Aimee Bixby,Telescoping Adjustable Floor Lamp,Central Us,15.992,-13.993
Ca-2017-Ab10150140-43059,Aimee Bixby,Xerox 1901,Central Us,16.896,5.28
Ca-2017-Ab10523-42870,Adrian Barton,"Sanford Highlighters, Fluorescent",Canada,34.02,14.28
Ca-2017-Ab10523-42870,Adrian Barton,"Stanley Highlighters, Easy-Erase",Canada,29.94,10.74
Ca-2017-Ab25523-43057,Alejandro Ballentine,"Advantus Staples, 12 Pack",Canada,10.29,0.72
Ca-2017-Ab25523-43057,Alejandro Ballentine,"Fellowes File Cart, Wire Frame",Canada,272.76,57.24
Ca-2017-Ac10450140-43012,Amy Cox,Gbc Docubind Tl300 Electric Binding System,Central Us,1793.98,843.1706
Ca-2017-Ac10615140-42819,Ann Chong,Iris Project Case,Central Us,12.768,0.9576
Ca-2017-Ac10660140-42818,Anna Chung,Fellowes Officeware Wire Shelving,Central Us,143.728,-32.3388
Ca-2017-Af10870140-42850,Art Ferguson,"Acco Data Flex Cable Posts For Top & Bottom Load Binders, 6"" Capacity",Central Us,10.43,-18.2525
Ca-2017-Af10870140-42850,Art Ferguson,Safco Industrial Wire Shelving System,Central Us,72.784,-18.196
Ca-2017-Ag10330140-43092,Alex Grayson,"Cardinal Holdit! Binder Insert Strips,Extra Strips",Central Us,6.33,-9.8115
Ca-2017-Ag10330140-43092,Alex Grayson,Xerox 1887,Central Us,75.88,26.558
Ca-2017-Ag10330140-43092,Alex Grayson,Xerox 1931,Central Us,25.92,9.072
Ca-2017-Ag10765140-43023,Anthony Garverick,Catalog Binders With Expanding Posts,Central Us,13.456,-23.548
Ca-2017-Ag10765140-43023,Anthony Garverick,"Gbc Twin Loop Wire Binding Elements, 9/16"" Spine, Black",Central Us,27.396,-42.4638
Ca-2017-Ag10900140-42982,Arthur Gainer,Eldon Advantage Foldable Chair Mats For Low Pile Carpets,Central Us,108.4,-105.69
Ca-2017-Ag49523-42804,Andrew Gjertsen,"Hamilton Beach Coffee Grinder, Red",Canada,42.66,5.1
Ca-2017-Ag49523-43052,Andrew Gjertsen,"Ibico Index Tab, Durable",Canada,9.27,4.05
Ca-2017-Ah1007523-42832,Adam Hart,"Fellowes File Cart, Blue",Canada,137.31,54.9
Ca-2017-Ah10120140-42919,Adrian Hane,"White Dual Perf Computer Printout Paper, 2700 Sheets, 1 Part, Heavyweight, 20 Lbs., 14 7/8 X 11",Central Us,163.96,59.4355
Ca-2017-Ah10120140-42919,Adrian Hane,Wilson Jones Four-Pocket Poly Binders,Central Us,5.232,-8.1096
Ca-2017-Ah10120140-43040,Adrian Hane,Newell 350,Central Us,5.248,0.5904
Ca-2017-Ah10195140-43045,Alan Haines,Avery Recycled Flexi-View Covers For Binding Systems,Central Us,16.03,-25.648
Ca-2017-Ah10210140-43063,Alan Hwang,Panasonic Kx Ts208W Corded Phone,Central Us,195.96,19.596
Ca-2017-Ah10585140-43079,Angele Hood,Xerox 1921,Central Us,15.984,4.995
Ca-2017-Aj10945140-42979,Ashley Jarboe,Tripp Lite Isotel 8 Ultra 8 Outlet Metal Surge,Central Us,638.73,166.0698
Ca-2017-Am10705140-42830,Anne Mcfarland,Cisco Spa 502G Ip Phone,Central Us,383.84,47.98
Ca-2017-Ao81023-42759,Anthony O'Donnell,"Cisco Audio Dock, With Caller Id",Canada,364.14,80.1
Ca-2017-Ao81023-42759,Anthony O'Donnell,"Eaton Message Books, Multicolor",Canada,21.99,10.11
Ca-2017-Ar10345140-42987,Alex Russell,Memorex Froggy Flash Drive 8 Gb,Central Us,85.2,20.235
Ca-2017-Ar10405140-42876,Allen Rosenblatt,"Square Ring Data Binders, Rigid 75 Pt. Covers, 11"" X 14-7/8""",Central Us,41.28,19.8144
Ca-2017-Ar10510140-43086,Andrew Roberts,Peel & Stick Add-On Corner Pockets,Central Us,10.8,5.184
Ca-2017-Ar10540140-42752,Andy Reiter,Gbc Docubind P400 Electric Binding System,Central Us,5443.96,2504.2216
Ca-2017-Ar10540140-42752,Andy Reiter,Office Star Flex Back Scooter Chair With Aluminum Finish Frame,Central Us,302.67,72.6408
Ca-2017-Ar10540140-42752,Andy Reiter,"Tops Money Receipt Book, Consecutively Numbered In Red,",Central Us,56.07,25.2315
Ca-2017-As10045140-42949,Aaron Smayling,Bady Bdg101Fru Card Printer,Central Us,1439.982,-263.9967
Ca-2017-As10045140-42949,Aaron Smayling,Xerox 1998,Central Us,36.288,12.7008
Ca-2017-As10090140-42827,Adam Shillingsburg,Hanging Personal Folder File,Central Us,94.2,23.55
Ca-2017-As10090140-42827,Adam Shillingsburg,Staples,Central Us,28.4,13.348
Ca-2017-As10285140-43081,Alejandro Savely,Enermax Briskie Rf Wireless Keyboard And Mouse Combo,Central Us,116.312,23.2624
Ca-2017-As10630140-43008,Ann Steele,"#10- 4 1/8"" X 9 1/2"" Recycled Envelopes",Central Us,27.968,9.4392
Ca-2017-As10630140-43008,Ann Steele,Avery 499,Central Us,7.968,2.5896
Ca-2017-As10630140-43008,Ann Steele,Wasp Ccd Handheld Bar Code Reader,Central Us,336.51,44.868
Ca-2017-At10735140-42949,Annie Thurman,Jbl Micro Wireless Portable Bluetooth Speaker,Central Us,95.984,5.999
Ca-2017-Az10750140-42940,Annie Zypern,"Hunt Powerhouse Electric Pencil Sharpener, Blue",Central Us,121.536,15.192
Ca-2017-Bb11545140-42994,Brenda Bowman,Xerox 1897,Central Us,31.872,11.5536
Ca-2017-Bd11320140-43002,Bill Donatelli,Imation Secure+ Hardware Encrypted Usb 2.0 Flash Drive; 16Gb,Central Us,291.96,102.186
Ca-2017-Bd11620140-43031,Brian Decherney,Bevis 36 X 72 Conference Tables,Central Us,248.98,54.7756
Ca-2017-Bd11620140-43031,Brian Decherney,Fellowes Recycled Storage Drawers,Central Us,333.09,23.3163
Ca-2017-Be11335140-42981,Bill Eplett,Fellowes High-Stak Drawer Files,Central Us,352.38,81.0474
Ca-2017-Be11335140-42981,Bill Eplett,Maxell Ivdr Ex 500Gb Cartridge,Central Us,1928.78,829.3754
Ca-2017-Be11335140-42981,Bill Eplett,Polycom Cx600 Ip Phone Voip Phone,Central Us,1199.8,323.946
Ca-2017-Be11410140-42757,Bobby Elias,Airmail Envelopes,Central Us,268.576,90.6444
Ca-2017-Bf11020140-42997,Barry Französisch,"Adams Telephone Message Book W/Dividers/Space For Phone Numbers, 5 1/4""X8 1/2"", 200/Messages",Central Us,22.72,10.224
Ca-2017-Bf11215140-43035,Benjamin Farhat,"Multi-Use Personal File Cart And Caster Set, Three Stacking Bins",Central Us,55.616,5.5616
Ca-2017-Bg11695140-43064,Brooke Gillingham,Fellowes Bases And Tops For Staxonsteel/High-Stak Systems,Central Us,33.29,7.9896
Ca-2017-Bm11575140-42874,Brendan Murry,C-Line Cubicle Keepers Polyproplyene Holder With Velcro Backings,Central Us,1.892,-0.9933
Ca-2017-Bm11575140-42874,Brendan Murry,Flat Face Poster Frame,Central Us,22.608,-10.1736
Ca-2017-Bm11650140-42869,Brian Moss,Hammermill Copyplus Copy Paper (20Lb. And 84 Bright),Central Us,14.94,7.3206
Ca-2017-Bm11650140-42869,Brian Moss,Ibico Hi-Tech Manual Binding System,Central Us,914.97,411.7365
Ca-2017-Bm11650140-42869,Brian Moss,Plantronics Calisto P620-M Usb Wireless Speakerphone System,Central Us,587.97,158.7519
Ca-2017-Bm11650140-42869,Brian Moss,Tennsco 6- And 18-Compartment Lockers,Central Us,530.34,95.4612
Ca-2017-Bm11650140-42869,Brian Moss,Tyvek Side-Opening Peel & Seel Expanding Envelopes,Central Us,180.96,81.432
Ca-2017-Bm11650140-43067,Brian Moss,"Howard Miller 13"" Diameter Goldtone Round Wall Clock",Central Us,46.94,19.2454
Ca-2017-Bm11650140-43067,Brian Moss,Memorex Mini Travel Drive 16 Gb Usb 2.0 Flash Drive,Central Us,143.73,56.0547
Ca-2017-Bn11470140-42809,Brad Norvell,Seidio Bd2-Hk3Iph5-Bk Dilex Case And Holster Combo For Apple Iphone 5/5S - Black,Central Us,49.616,4.9616
Ca-2017-Bo11350140-42963,Bill Overfelt,Avery 495,Central Us,50.4,23.184
Ca-2017-Bp11095140-43070,Bart Pistole,Sandisk Ultra 64 Gb Microsdhc Class 10 Memory Card,Central Us,95.976,-10.7973
Ca-2017-Bt153023-42748,Bradley Talbott,"Ibico 3-Hole Punch, Durable",Canada,63.9,23.64
Ca-2017-Bt153023-42748,Bradley Talbott,"Ikea Stackable Bookrack, Pine",Canada,743.58,371.7
Ca-2017-Bt153023-42748,Bradley Talbott,"Sanford Markers, Easy-Erase",Canada,23.52,0.45
Ca-2017-Bv11245140-42766,Benjamin Venier,At&T 841000 Phone,Central Us,207,51.75
Ca-2017-Bv11245140-42766,Benjamin Venier,Boston 19500 Mighty Mite Electric Pencil Sharpener,Central Us,40.3,10.881
Ca-2017-Bv11245140-42766,Benjamin Venier,Cardinal Easyopen D-Ring Binders,Central Us,18.28,9.14
Ca-2017-Bv11245140-42766,Benjamin Venier,"C-Line Magnetic Cubicle Keepers, Clear Polypropylene",Central Us,34.58,14.5236
Ca-2017-Bv11245140-42766,Benjamin Venier,Dxl Angle-View Binders With Locking Rings By Samsill,Central Us,7.71,3.4695
Ca-2017-Bv11245140-42766,Benjamin Venier,Gbc Instant Report Kit,Central Us,32.35,16.175
Ca-2017-Bw106523-42913,Barry Weirich,"Smead Folders, Blue",Canada,69.96,8.28
Ca-2017-Bw11110140-42743,Bart Watters,Lexmark Mx611Dhe Monochrome Laser Printer,Central Us,3059.982,679.996
Ca-2017-Ca12265140-43028,Christina Anderson,Rush Hierlooms Collection Rich Wood Bookcases,Central Us,328.3992,-91.7586
Ca-2017-Ca12265140-43028,Christina Anderson,"Slimview Poly Binder, 3/8""",Central Us,2.072,-3.5224
Ca-2017-Ca12775140-42980,Cynthia Arntzen,Harbour Creations 67200 Series Stacking Chairs,Central Us,498.26,134.5302
Ca-2017-Cb12025140-42772,Cassandra Brandow,Ibico Hi-Tech Manual Binding System,Central Us,243.992,-426.986
Ca-2017-Cb12025140-42772,Cassandra Brandow,Staples,Central Us,7.12,0.712
Ca-2017-Cb12415140-43074,Christy Brittain,Advantus Rolling Drawer Organizers,Central Us,61.568,4.6176
Ca-2017-Cc12145140-42994,Charles Crestani,Prismacolor Color Pencil Set,Central Us,31.744,8.3328
Ca-2017-Cc12370140-43046,Christopher Conant,Zipper Ring Binder Pockets,Central Us,1.248,-1.9344
Ca-2017-Cc12430140-43046,Chuck Clark,Newell 339,Central Us,13.9,3.614
Ca-2017-Cc12430140-43046,Chuck Clark,Staples,Central Us,26.38,12.1348
Ca-2017-Cc12430140-43100,Chuck Clark,"Eureka The Boss Plus 12-Amp Hard Box Upright Vacuum, Red",Central Us,209.3,56.511
Ca-2017-Cc12475140-42955,Cindy Chapman,Memorex Micro Travel Drive 16 Gb,Central Us,63.96,19.8276
Ca-2017-Cc12550140-43073,Clay Cheatham,Xerox 1998,Central Us,10.368,3.6288
Ca-2017-Cd198023-42845,Carol Darley,"Harbour Creations Chairmat, Set Of Two",Canada,148.5,19.26
Ca-2017-Cg12040140-43051,Catherine Glotzbach,Prestige Round Ring Binders,Central Us,18.24,8.5728
Ca-2017-Cg12520140-42762,Claire Gute,"Simplifile Personal File, Black Granite, 15W X 6-15/16D X 11-1/4H",Central Us,18.16,1.816
Ca-2017-Cj12010140-42822,Caroline Jumper,"Atlantic Metals Mobile 5-Shelf Bookcases, Custom Colors",Central Us,1023.332,-30.098
Ca-2017-Cj12010140-42822,Caroline Jumper,Global Deluxe High-Back Manager'S Chair,Central Us,600.558,-8.5794
Ca-2017-Cj12010140-42822,Caroline Jumper,"Global Leather & Oak Executive Chair, Burgundy",Central Us,211.246,-66.3916
Ca-2017-Cj12010140-42822,Caroline Jumper,Kensington Slimblade Notebook Wireless Mouse With Nano Receiver,Central Us,39.992,6.9986
Ca-2017-Ck12205140-42955,Chloris Kastensmidt,Logitech K350 2.4Ghz Wireless Keyboard,Central Us,119.448,-13.4379
Ca-2017-Ck12205140-42955,Chloris Kastensmidt,Safco Industrial Shelving,Central Us,118.16,-25.109
Ca-2017-Cl12565140-42816,Clay Ludtke,"Global Leather And Oak Executive Chair, Black",Central Us,1805.88,523.7052
Ca-2017-Cl12700140-42840,Craig Leslie,Acco 3-Hole Punch,Central Us,8.76,4.2048
Ca-2017-Cm12190140-42951,Charlotte Melton,"O'Sullivan Elevations Bookcase, Cherry Finish",Central Us,183.372,-36.6744
Ca-2017-Cm12190140-43092,Charlotte Melton,"Office Impressions End Table, 20-1/2""H X 24""W X 20""D",Central Us,607.52,97.2032
Ca-2017-Cm12190140-43092,Charlotte Melton,Personal File Boxes With Fold-Down Carry Handle,Central Us,31.16,7.79
Ca-2017-Cm12385140-43063,Christopher Martinez,Avery File Folder Labels,Central Us,11.52,4.176
Ca-2017-Cm12385140-43063,Christopher Martinez,Contemporary Wood/Metal Frame,Central Us,6.464,-4.04
Ca-2017-Cm12385140-43063,Christopher Martinez,Toshiba Ipt2010-Sd Ip Telephone,Central Us,222.384,16.6788
Ca-2017-Cp12085140-42977,Cathy Prescott,Advantus Rolling Storage Box,Central Us,27.44,2.401
Ca-2017-Cp12085140-42977,Cathy Prescott,Avery 505,Central Us,47.36,17.76
Ca-2017-Cp12085140-42977,Cathy Prescott,Wilson Jones Easy Flow Ii Sheet Lifters,Central Us,3.24,-5.184
Ca-2017-Cr12820140-42784,Cyra Reiten,"Dixon Ticonderoga Core-Lock Colored Pencils, 48-Color Set",Central Us,175.44,52.632
Ca-2017-Cr12820140-42784,Cyra Reiten,Jawbone Mini Jambox Wireless Bluetooth Speaker,Central Us,438.336,-87.6672
Ca-2017-Cr12820140-42784,Cyra Reiten,"Sauder Mission Library With Doors, Fruitwood Finish",Central Us,89.0664,-17.0274
Ca-2017-Cr262523-42794,Corey Roper,"Eldon Folders, Wire Frame",Canada,16.05,1.59
Ca-2017-Cr262523-42794,Corey Roper,"Green Bar Cards & Envelopes, Premium",Canada,48.39,15
Ca-2017-Cr262523-42794,Corey Roper,"Hon Removable Labels, Laser Printer Compatible",Canada,20.16,6.42
Ca-2017-Cr262523-42794,Corey Roper,"Kraft Clasp Envelope, Recycled",Canada,15.6,2.46
Ca-2017-Cs11950140-42937,Carlos Soltero,"Contract Clock, 14"", Brown",Central Us,8.792,-5.7148
Ca-2017-Cs11950140-42937,Carlos Soltero,"Trav-L-File Heavy-Duty Shuttle Ii, Black",Central Us,69.712,8.714
Ca-2017-Cs12250140-43063,Chris Selesnick,Xerox 1959,Central Us,10.688,3.7408
Ca-2017-Cs12400140-43098,Christopher Schild,Staples,Central Us,2.48,0.868
Ca-2017-Cs12400140-43098,Christopher Schild,Wilson Jones Impact Binders,Central Us,25.9,12.691
Ca-2017-Cs195023-42864,Carlos Soltero,"Binney & Smith Canvas, Easy-Erase",Canada,51.63,8.76
Ca-2017-Ct11995140-42891,Carol Triggs,Newell 346,Central Us,8.64,2.5056
Ca-2017-Ct11995140-43004,Carol Triggs,Accohide Binder By Acco,Central Us,8.26,3.8822
Ca-2017-Ct11995140-43004,Carol Triggs,"Global Leather Task Chair, Black",Central Us,269.97,51.2943
Ca-2017-Cv12295140-42846,Christina Vanderzanden,Cardinal Easyopen D-Ring Binders,Central Us,36.56,18.28
Ca-2017-Cv12295140-42846,Christina Vanderzanden,Premium Transparent Presentation Covers By Gbc,Central Us,146.86,70.4928
Ca-2017-Cv12805140-42853,Cynthia Voltz,"Avery Address/Shipping Labels For Typewriters, 4"" X 2""",Central Us,33.12,11.592
Ca-2017-Cv12805140-42853,Cynthia Voltz,Sauder Barrister Bookcases,Central Us,220.2656,-42.1096
Ca-2017-Cv12805140-42888,Cynthia Voltz,"Gbc Standard Recycled Report Covers, Clear Plastic Sheets",Central Us,53.9,25.872
Ca-2017-Cy12745140-43040,Craig Yedwab,"#10 Gummed Flap White Envelopes, 100/Box",Central Us,9.912,3.2214
Ca-2017-Cy12745140-43040,Craig Yedwab,Clearone Communications Chat 70 Oc Speaker Phone,Central Us,508.768,38.1576
Ca-2017-Db13060140-42994,Dave Brooks,Avaya 5420 Digital Phone,Central Us,323.976,20.2485
Ca-2017-Db13060140-43084,Dave Brooks,"Howard Miller 13"" Diameter Goldtone Round Wall Clock",Central Us,56.328,-26.7558
Ca-2017-Db13060140-43084,Dave Brooks,Logitech Desktop Mk120 Mouse And Keyboard Combo,Central Us,39.264,-4.908
Ca-2017-Db13060140-43084,Dave Brooks,Prismacolor Color Pencil Set,Central Us,95.232,24.9984
Ca-2017-Db13060140-43084,Dave Brooks,"Rubbermaid Clustermat Chairmats, Mat Size- 66"" X 60"", Lip 20"" X 11"" -90 Degree Angle",Central Us,266.352,-292.9872
Ca-2017-Db13210140-43016,Dean Braden,"Safco Mobile Desk Side File, Wire Frame",Central Us,85.52,22.2352
Ca-2017-Db13210140-43079,Dean Braden,Bic Liqua Brite Liner,Central Us,34.7,12.492
Ca-2017-Db13210140-43079,Dean Braden,Ibico Plastic And Wire Spiral Binding Combs,Central Us,33.72,15.5112
Ca-2017-Db13210140-43079,Dean Braden,"Maxell Pro 80 Minute Cd-R, 10/Pack",Central Us,104.88,41.952
Ca-2017-Db13210140-43079,Dean Braden,Staples,Central Us,14.94,7.0218
Ca-2017-Db13270140-42906,Deborah Brumfield,"Chromcraft Bull-Nose Wood Round Conference Table Top, Wood Base",Central Us,457.485,-84.9615
Ca-2017-Db13270140-42906,Deborah Brumfield,Gbc Plasticlear Binding Covers,Central Us,6.888,-11.0208
Ca-2017-Db13405140-42913,Denny Blanton,Eldon Antistatic Chair Mats For Low To Medium Pile Carpets,Central Us,526.45,31.587
Ca-2017-Db13660140-42820,Duane Benoit,Xerox 1953,Central Us,6.848,2.14
Ca-2017-Db312023-42742,David Bremer,"Ikea Floating Shelf Set, Traditional",Canada,170.34,10.2
Ca-2017-Dc12850140-42997,Dan Campbell,Acco Perma 2700 Stacking Storage Drawers,Central Us,47.584,-2.974
Ca-2017-Dc12850140-42997,Dan Campbell,Newell 314,Central Us,8.928,0.558
Ca-2017-Dc12850140-43063,Dan Campbell,Staples,Central Us,4.36,0.1744
Ca-2017-Dc285023-43066,Dan Campbell,"Belkin Mouse, Bluetooth",Canada,162.84,78.12
Ca-2017-Dc285023-43066,Dan Campbell,"Elite Shears, Steel",Canada,46.41,21.81
Ca-2017-Dc285023-43066,Dan Campbell,"Safco Classic Bookcase, Pine",Canada,1758,70.32
Ca-2017-Dc285023-43066,Dan Campbell,"Stockwell Clamps, Bulk Pack",Canada,18.84,1.5
Ca-2017-Dk12835140-42922,Damala Kotsonis,Anker 36W 4-Port Usb Wall Charger Travel Power Adapter For Iphone 5S 5C 5,Central Us,79.96,22.3888
Ca-2017-Dk12835140-43079,Damala Kotsonis,Global Executive Mid-Back Manager'S Chair,Central Us,872.94,226.9644
Ca-2017-Dk12835140-43079,Damala Kotsonis,Wilson Jones Century Plastic Molded Ring Binders,Central Us,41.54,19.5238
Ca-2017-Dk12835140-43079,Damala Kotsonis,Xerox 1946,Central Us,12.96,6.2208
Ca-2017-Dk13090140-42788,Dave Kipp,Microsoft Natural Keyboard Elite,Central Us,47.904,-2.994
Ca-2017-Dk13090140-43010,Dave Kipp,Xerox 1915,Central Us,104.85,50.328
Ca-2017-Dk13375140-43081,Dennis Kane,Hoover Commercial Lightweight Upright Vacuum,Central Us,1.392,-3.7584
Ca-2017-Dl12865140-42755,Dan Lawera,Avery 510,Central Us,6,2.1
Ca-2017-Dl12925140-43043,Daniel Lacy,Avery 513,Central Us,14.94,6.8724
Ca-2017-Dl12925140-43043,Daniel Lacy,Sterilite Officeware Hinged File Box,Central Us,52.4,14.148
Ca-2017-Dl12925140-43043,Daniel Lacy,Xerox 1971,Central Us,8.56,3.852
Ca-2017-Dm352523-42777,Don Miller,"Binney & Smith Canvas, Blue",Canada,102.72,19.5
Ca-2017-Dm352523-42777,Don Miller,"Enermax Memo Slips, 8.5 X 11",Canada,19.8,0
Ca-2017-Dm352523-42777,Don Miller,"Rogers Lockers, Industrial",Canada,212.1,80.58
Ca-2017-Dn13690140-42883,Duane Noonan,"Electrix Architect'S Clamp-On Swing Arm Lamp, Black",Central Us,477.3,138.417
Ca-2017-Do364523-42972,Doug O'Connell,"Fellowes Lockers, Blue",Canada,829.32,215.52
Ca-2017-Do364523-42972,Doug O'Connell,"Motorola Office Telephone, Full Size",Canada,73.05,23.37
Ca-2017-Do364523-42972,Doug O'Connell,"Sandisk Numeric Keypad, Usb",Canada,106.32,34.02
Ca-2017-Do364523-42972,Doug O'Connell,"Sanford Canvas, Fluorescent",Canada,103.56,38.28
Ca-2017-Dp13000140-42799,Darren Powers,Xerox 1934,Central Us,89.568,32.4684
Ca-2017-Dp13000140-42974,Darren Powers,"Seth Thomas 16"" Steel Case Clock",Central Us,64.96,-43.848
Ca-2017-Dp13105140-43087,Dave Poirier,Adjustable Personal File Tote,Central Us,32.56,8.4656
Ca-2017-Dp13240140-42902,Dean Percer,Avery 490,Central Us,44.4,22.2
Ca-2017-Dp13240140-42902,Dean Percer,"Tenex Personal Self-Stacking Standard File Box, Black/Gray",Central Us,84.55,22.8285
Ca-2017-Dp13240140-42902,Dean Percer,Xerox 1992,Central Us,17.94,8.7906
Ca-2017-Dp13390140-42737,Dennis Pardue,Wilson Jones Easy Flow Ii Sheet Lifters,Central Us,3.6,1.728
Ca-2017-Dp324023-42912,Dean Percer,"Novimex Round Labels, Adjustable",Canada,4.17,1.14
Ca-2017-Dp324023-42912,Dean Percer,"Wilson Jones Binding Machine, Durable",Canada,50.46,0.99
Ca-2017-Dp324023-43075,Dean Percer,"Harbour Creations Chairmat, Adjustable",Canada,74.49,28.29
Ca-2017-Dp339023-43000,Dennis Pardue,"Breville Blender, White",Canada,90.99,19.08
Ca-2017-Ds13180140-42826,David Smith,Bush Mission Pointe Library,Central Us,205.3328,-36.2352
Ca-2017-Ds13180140-43077,David Smith,Binder Clips By Oic,Central Us,3.552,1.2432
Ca-2017-Ds13180140-43077,David Smith,Xerox 1995,Central Us,15.552,5.4432
Ca-2017-Dw13540140-42801,Don Weiss,Avery 511,Central Us,4.928,1.7248
Ca-2017-Dw13540140-42801,Don Weiss,Newell 345,Central Us,63.488,4.7616
Ca-2017-Dw358523-42953,Dorothy Wardle,"Avery Binder, Recycled",Canada,26.52,12.18
Ca-2017-Eb13705140-42864,Ed Braxton,Xerox 1997,Central Us,41.472,14.5152
Ca-2017-Eb13750140-43050,Edward Becker,Tenex Antistatic Computer Chair Mats,Central Us,341.96,-427.45
Ca-2017-Ec14050140-43047,Erin Creighton,Storex Duratech Recycled Plastic Frosted Binders,Central Us,38.16,19.08
Ca-2017-Ed13885140-42965,Emily Ducich,36X48 Hardfloor Chairmat,Central Us,16.784,-22.2388
Ca-2017-Ed13885140-42965,Emily Ducich,Acco Side-Punched Conventional Columnar Pads,Central Us,5.552,-1.041
Ca-2017-Ed13885140-42965,Emily Ducich,Avery Fluorescent Highlighter Four-Color Set,Central Us,8.016,1.002
Ca-2017-Ed13885140-42965,Emily Ducich,Belkin Premiere Surge Master Ii 8-Outlet Surge Protector,Central Us,38.864,-99.1032
Ca-2017-Ed13885140-42965,Emily Ducich,Safco Optional Arm Kit For Workspace Cribbage Stacking Chair,Central Us,74.592,-2.1312
Ca-2017-Eg13900140-42826,Emily Grady,"Slimview Poly Binder, 3/8""",Central Us,13.468,-22.8956
Ca-2017-Eg13900140-43057,Emily Grady,Logitech Illuminated - Keyboard,Central Us,239.96,83.986
Ca-2017-Eh13765140-42758,Edward Hooks,Newell 348,Central Us,7.872,0.8856
Ca-2017-Eh13765140-42758,Edward Hooks,Staples,Central Us,15.12,4.914
Ca-2017-Eh14005140-43001,Erica Hernandez,Avery 511,Central Us,27.72,13.3056
Ca-2017-Eh14005140-43001,Erica Hernandez,O'Sullivan 4-Shelf Bookcase In Odessa Pine,Central Us,241.96,41.1332
Ca-2017-Em13825140-42937,Elizabeth Moffitt,"1.7 Cubic Foot Compact ""Cube"" Office Refrigerators",Central Us,416.32,112.4064
Ca-2017-Em13825140-42937,Elizabeth Moffitt,Avery 486,Central Us,14.62,6.8714
Ca-2017-Em13825140-42937,Elizabeth Moffitt,Avery Printable Repositionable Plastic Tabs,Central Us,43,20.21
Ca-2017-Em13825140-42937,Elizabeth Moffitt,Cardinal Slant-D Ring Binders,Central Us,60.83,30.415
Ca-2017-Em13825140-42937,Elizabeth Moffitt,Logitech G35 7.1-Channel Surround Sound Headset,Central Us,389.97,132.5898
Ca-2017-Em13825140-42937,Elizabeth Moffitt,Novimex Fabric Task Chair,Central Us,182.94,27.441
Ca-2017-Em13825140-43045,Elizabeth Moffitt,Nortel Meridian M3904 Professional Digital Phone,Central Us,492.768,55.4364
Ca-2017-Em14065140-42891,Erin Mull,Nu-Dell Executive Frame,Central Us,30.336,-17.4432
Ca-2017-Em14200140-42942,Evan Minnotte,Safco Drafting Table,Central Us,298.116,-4.2588
Ca-2017-En13780140-42813,Edward Nazzal,Peel-Off China Markers,Central Us,23.832,6.5538
Ca-2017-Ep13915140-42798,Emily Phan,Global Ergonomic Managers Chair,Central Us,180.98,47.0548
Ca-2017-Ep13915140-42798,Emily Phan,Logitech Wireless Marathon Mouse M705,Central Us,99.98,42.9914
Ca-2017-Ep13915140-43051,Emily Phan,Boston 1799 Powerhouse Electric Pencil Sharpener,Central Us,181.86,50.9208
Ca-2017-Fg14260140-42927,Frank Gastineau,"Fellowes Mobile File Cart, Black",Central Us,298.464,26.1156
Ca-2017-Fg426023-42945,Frank Gastineau,"Boston Markers, Blue",Canada,26.37,10.8
Ca-2017-Fh14275140-42808,Frank Hawley,Powergen Dual Usb Car Charger,Central Us,7.992,2.5974
Ca-2017-Fh14275140-42920,Frank Hawley,Hewlett-Packard Deskjet 5550 Printer,Central Us,597.132,49.761
Ca-2017-Fh14275140-42920,Frank Hawley,Xerox 1891,Central Us,273.896,92.4399
Ca-2017-Fm14290140-43044,Frank Merwin,Gbc Standard Plastic Binding Systems' Combs,Central Us,7.536,-13.188
Ca-2017-Fm14290140-43044,Frank Merwin,Rogers Deluxe File Chest,Central Us,52.752,-12.5286
Ca-2017-Fm14290140-43044,Frank Merwin,Self-Adhesive Ring Binder Labels,Central Us,1.408,-2.3232
Ca-2017-Fm14290140-43044,Frank Merwin,Wilson Jones Impact Binders,Central Us,4.144,-6.4232
Ca-2017-Fm14380140-42912,Fred Mcmath,Geemarc Amplipower60,Central Us,148.48,16.704
Ca-2017-Fo14305140-42906,Frank Olsen,Fiskars Spring-Action Scissors,Central Us,11.184,0.8388
Ca-2017-Fo14305140-42906,Frank Olsen,Safco Industrial Wire Shelving,Central Us,153.584,-32.6366
Ca-2017-Fo14305140-43062,Frank Olsen,Newell 314,Central Us,35.712,2.232
Ca-2017-Ga14725140-43095,Guy Armstrong,Newell 34,Central Us,31.744,2.3808
Ca-2017-Ga14725140-43095,Guy Armstrong,Staples,Central Us,44.688,5.0274
Ca-2017-Ga14725140-43095,Guy Armstrong,"Wilson Jones 1"" Hanging Dubllock Ring Binders",Central Us,3.168,-5.0688
Ca-2017-Ga14725140-43095,Guy Armstrong,"Wilson Jones Ledger-Size, Piano-Hinge Binder, 2"", Blue",Central Us,40.98,-65.568
Ca-2017-Ga14725140-43095,Guy Armstrong,Wilson Jones Legal Size Ring Binders,Central Us,39.582,-59.373
Ca-2017-Gb453023-42987,George Bell,"Eldon Box, Blue",Canada,20.52,5.28
Ca-2017-Gh14410140-42917,Gary Hansen,Global Enterprise Series Seating High-Back Swivel/Tilt Chairs,Central Us,569.058,-178.8468
Ca-2017-Gh14410140-42917,Gary Hansen,Samsung Galaxy S4,Central Us,1001.584,125.198
Ca-2017-Gh14410140-42917,Gary Hansen,"Seth Thomas 13 1/2"" Wall Clock",Central Us,14.224,-10.3124
Ca-2017-Gh14665140-43098,Greg Hansen,"Bush Westfield Collection Bookcases, Medium Cherry Finish",Central Us,78.8528,-11.596
Ca-2017-Gh14665140-43098,Greg Hansen,Stanley Bostitch Contemporary Electric Pencil Sharpeners,Central Us,27.168,2.7168
Ca-2017-Gh466523-43099,Greg Hansen,"Acco Index Tab, Economy",Canada,20.16,9.24
Ca-2017-Gk14620140-42988,Grace Kelly,Avery 511,Central Us,9.856,3.4496
Ca-2017-Gm14455140-43084,Gary Mitchum,Kensington Expert Mouse Optical Usb Trackball For Pc Or Mac,Central Us,227.976,28.497
Ca-2017-Gm14455140-43084,Gary Mitchum,"Master Caster Door Stop, Gray",Central Us,2.032,-1.3208
Ca-2017-Gm14455140-43084,Gary Mitchum,Samsung Hm1900 Bluetooth Headset,Central Us,52.68,19.755
Ca-2017-Gt14710140-42870,Greg Tran,Global Commerce Series Low-Back Swivel/Tilt Chairs,Central Us,899.43,-12.849
Ca-2017-Gt14710140-42870,Greg Tran,Newell 309,Central Us,46.2,5.775
Ca-2017-Gt14710140-42870,Greg Tran,Payanywhere Card Reader,Central Us,7.992,0.6993
Ca-2017-Gt14710140-42870,Greg Tran,Xerox 1936,Central Us,47.952,16.1838
Ca-2017-Gt14710140-42870,Greg Tran,Xerox 1937,Central Us,76.864,26.9024
Ca-2017-Gt14710140-42914,Greg Tran,"Wirebound Message Books, Four 2 3/4 X 5 White Forms Per Page",Central Us,20.07,9.2322
Ca-2017-Gt14710140-42969,Greg Tran,Acme Forged Steel Scissors With Black Enamel Handles,Central Us,37.24,10.7996
Ca-2017-Gt14710140-42969,Greg Tran,Advantus Plastic Paper Clips,Central Us,35,16.8
Ca-2017-Gt14710140-42969,Greg Tran,Security-Tint Envelopes,Central Us,15.28,7.4872
Ca-2017-Gt14710140-43064,Greg Tran,Advantus T-Pin Paper Clips,Central Us,10.824,2.5707
Ca-2017-Gt14755140-42885,Guy Thornton,File Shuttle I And Handi-File,Central Us,53.424,4.6746
Ca-2017-Gt14755140-42885,Guy Thornton,Xerox 1930,Central Us,25.92,9.396
Ca-2017-Gt14755140-43066,Guy Thornton,Gbc Premium Transparent Covers With Diagonal Lined Pattern,Central Us,33.568,-53.7088
Ca-2017-Gz454523-42867,George Zrebassa,"Novimex Legal Exhibit Labels, 5000 Label Set",Canada,21.72,2.82
Ca-2017-Ha14920140-42990,Helen Andreada,Acco Hot Clips Clips To Go,Central Us,10.528,3.29
Ca-2017-Ha14920140-42990,Helen Andreada,Xerox 1927,Central Us,20.544,6.42
Ca-2017-He14800140-43088,Harold Engle,"Maxell 74 Minute Cdr, 10/Pack",Central Us,29.34,10.8558
Ca-2017-He14800140-43088,Harold Engle,Tensor Track Tree Floor Lamp,Central Us,99.95,22.9885
Ca-2017-Hf14995140-43079,Herbert Flentye,Economy Binders,Central Us,10.4,5.096
Ca-2017-Hf14995140-43079,Herbert Flentye,"Wirebound Message Books, Four 2 3/4 X 5 White Forms Per Page",Central Us,33.45,15.387
Ca-2017-Hg14845140-42815,Harry Greene,Staples,Central Us,56.704,19.1376
Ca-2017-Hg14845140-42815,Harry Greene,Xerox 1916,Central Us,274.064,102.774
Ca-2017-Hg14845140-43046,Harry Greene,"Simplifile Personal File, Black Granite, 15W X 6-15/16D X 11-1/4H",Central Us,18.16,1.816
Ca-2017-Hg15025140-43060,Hunter Glantz,"Sanford Uni-Blazer View Highlighters, Chisel Tip, Yellow",Central Us,22,9.68
Ca-2017-Hg496523-43001,Henry Goldwyn,"Acme Letter Opener, Steel",Canada,29.61,12.12
Ca-2017-Hg496523-43001,Henry Goldwyn,"Acme Scissors, Steel",Canada,198.72,93.36
Ca-2017-Hg496523-43001,Henry Goldwyn,"Eldon Folders, Blue",Canada,16.98,2.88
Ca-2017-Hj14875140-42974,Heather Jas,"Neat Ideas Personal Hanging Folder Files, Black",Central Us,53.72,13.9672
Ca-2017-Hm14860140-42952,Harry Marie,Avery Durable Poly Binders,Central Us,3.318,-5.6406
Ca-2017-Hr14770140-42750,Hallie Redmond,Arkon Windshield Dashboard Air Vent Car Mount Holder,Central Us,67.8,1.356
Ca-2017-Hr14770140-42750,Hallie Redmond,Bagged Rubber Bands,Central Us,2.52,0.1008
Ca-2017-Hr14770140-42750,Hallie Redmond,"Dax Charcoal/Nickel-Tone Document Frame, 5 X 7",Central Us,18.96,8.532
Ca-2017-Hr14770140-42750,Hallie Redmond,Imation Usb 2.0 Swivel Flash Drive Usb Flash Drive - 4 Gb - Pink,Central Us,12.12,2.5452
Ca-2017-Hr14770140-42750,Hallie Redmond,Microsoft Sculpt Comfort Mouse,Central Us,159.8,70.312
Ca-2017-Hr14770140-42750,Hallie Redmond,Staples,Central Us,18.76,5.2528
Ca-2017-Hr14770140-42750,Hallie Redmond,"Tenex Personal Project File With Scoop Front Design, Black",Central Us,67.4,17.524
Ca-2017-Hr14770140-42750,Hallie Redmond,Xerox 188,Central Us,11.34,5.5566
Ca-2017-Hr477023-42807,Hallie Redmond,"Smead Trays, Single Width",Canada,97.02,31.02
Ca-2017-Hw14935140-42888,Helen Wasserman,Cardinal Slant-D Ring Binders,Central Us,17.38,8.69
Ca-2017-Hw14935140-42888,Helen Wasserman,Hon 4070 Series Pagoda Round Back Stacking Chairs,Central Us,1925.88,539.2464
Ca-2017-Hw14935140-42888,Helen Wasserman,Honeywell Enviracaire Portable Hepa Air Cleaner For 17' X 22' Room,Central Us,2405.2,793.716
Ca-2017-Hw14935140-42888,Helen Wasserman,Logitech Mx Performance Wireless Mouse,Central Us,39.89,14.7593
Ca-2017-Hw14935140-42888,Helen Wasserman,Maxell Lto Ultrium - 800 Gb,Central Us,83.97,15.9543
Ca-2017-Hw14935140-42983,Helen Wasserman,"Bush Birmingham Collection Bookcase, Dark Cherry",Central Us,825.174,-117.882
Ca-2017-Hw14935140-42983,Helen Wasserman,"It'S Hot Message Books With Stickers, 2 3/4"" X 5""",Central Us,17.76,5.55
Ca-2017-Hw14935140-42983,Helen Wasserman,"Sanford Colorific Colored Pencils, 12/Box",Central Us,6.912,0.864
Ca-2017-Hz14950140-42885,Henia Zydlo,Eldon Executive Woodline Ii Cherry Finish Desk Accessories,Central Us,65.424,-52.3392
Ca-2017-Hz14950140-43061,Henia Zydlo,Motorola Hk250 Universal Bluetooth Headset,Central Us,55.176,-12.4146
Ca-2017-Il15100140-42958,Ivan Liston,Aastra 57I Voip Phone,Central Us,1454.49,378.1674
Ca-2017-Il15100140-42958,Ivan Liston,Staples,Central Us,70.08,35.04
Ca-2017-Il15100140-42958,Ivan Liston,"Tenex Traditional Chairmats For Medium Pile Carpet, Standard Lip, 36"" X 48""",Central Us,121.3,25.473
Ca-2017-Jb15400140-43030,Jennifer Braxton,Acco 3-Hole Punch,Central Us,21.9,10.512
Ca-2017-Jb15400140-43030,Jennifer Braxton,Gbc Instant Report Kit,Central Us,38.82,19.41
Ca-2017-Jb15400140-43093,Jennifer Braxton,Wilson Jones International Size A4 Ring Binders,Central Us,13.84,-22.144
Ca-2017-Jb15400140-43093,Jennifer Braxton,Xerox 1940,Central Us,175.872,63.7536
Ca-2017-Jb16000140-43057,Joy Bell-,"Atlantic Metals Mobile 2-Shelf Bookcases, Custom Colors",Central Us,327.7328,-14.4588
Ca-2017-Jc15775140-42820,John Castell,Panasonic Kx-Tg9471B,Central Us,470.376,47.0376
Ca-2017-Jd15790140-42889,John Dryer,Xerox 1977,Central Us,10.688,3.7408
Ca-2017-Jd15790140-42983,John Dryer,Acco Perma 3000 Stacking Storage Drawers,Central Us,16.784,-0.2098
Ca-2017-Jd15790140-42983,John Dryer,"Crayola Anti Dust Chalk, 12/Pack",Central Us,10.192,3.185
Ca-2017-Jd15790140-42983,John Dryer,"Sanford Colorific Eraseable Coloring Pencils, 12 Count",Central Us,13.12,3.772
Ca-2017-Jd16060140-42800,Julia Dunbar,Advantus Map Pennant Flags And Round Head Tacks,Central Us,7.9,2.528
Ca-2017-Jd16060140-42800,Julia Dunbar,Avery Hole Reinforcements,Central Us,18.69,9.1581
Ca-2017-Jd16060140-42800,Julia Dunbar,Gbc Proclick Punch Binding System,Central Us,127.96,62.7004
Ca-2017-Jd16060140-42800,Julia Dunbar,Recycled Steel Personal File For Standard File Folders,Central Us,221.16,57.5016
Ca-2017-Jd16150140-42820,Justin Deggeller,Global Highback Leather Tilter In Burgundy,Central Us,90.99,14.5584
Ca-2017-Jd16150140-42820,Justin Deggeller,"Global High-Back Leather Tilter, Burgundy",Central Us,368.97,40.5867
Ca-2017-Jd16150140-42820,Justin Deggeller,"Lifetime Advantage Folding Chairs, 4/Carton",Central Us,1526.56,427.4368
Ca-2017-Jd589523-43028,Jonathan Doherty,"Boston Pencil Sharpener, Water Color",Canada,116.88,15.12
Ca-2017-Jd589523-43028,Jonathan Doherty,"Bush Corner Shelving, Mobile",Canada,253.02,106.26
Ca-2017-Jd589523-43028,Jonathan Doherty,"Cardinal Index Tab, Economy",Canada,8.76,4.02
Ca-2017-Jd589523-43028,Jonathan Doherty,"Cuisinart Microwave, Black",Canada,277.89,13.89
Ca-2017-Jd589523-43028,Jonathan Doherty,"Startech Inkjet, Durable",Canada,300.18,33
Ca-2017-Jd589523-43028,Jonathan Doherty,"Wilson Jones Hole Reinforcements, Clear",Canada,3.99,0.42
Ca-2017-Je15610140-43001,Jim Epp,Accohide Binder By Acco,Central Us,33.04,15.5288
Ca-2017-Je15610140-43001,Jim Epp,At&T Cl82213,Central Us,86.97,25.2213
Ca-2017-Je15610140-43001,Jim Epp,Logitech Desktop Mk120 Mouse And Keyboard Combo,Central Us,98.16,9.816
Ca-2017-Je15610140-43001,Jim Epp,Xerox 1940,Central Us,219.84,107.7216
Ca-2017-Jf15295140-42875,Jason Fortune-,Avery 491,Central Us,13.216,4.2952
Ca-2017-Jf15295140-42875,Jason Fortune-,Jabra Supreme Plus Driver Edition Headset,Central Us,95.992,9.5992
Ca-2017-Jf15355140-42995,Jay Fein,Clearsounds Csc500 Amplified Spirit Phone Corded Phone,Central Us,55.992,5.5992
Ca-2017-Jf15355140-42995,Jay Fein,"Manila Recycled Extra-Heavyweight Clasp Envelopes, 6"" X 9""",Central Us,17.568,6.3684
Ca-2017-Jg15310140-43064,Jason Gross,"Holmes Replacement Filter For Hepa Air Cleaner, Very Large Room, Hepa Filter",Central Us,13.762,-24.7716
Ca-2017-Jh15820140-42926,John Huston,Recycled Steel Personal File For Hanging File Folders,Central Us,228.92,14.3075
Ca-2017-Jh15985140-43071,Joseph Holt,"Advantus Push Pins, Aluminum Head",Central Us,52.29,16.2099
Ca-2017-Jh15985140-43071,Joseph Holt,"Avery Durable Slant Ring Binders, No Labels",Central Us,15.92,7.4824
Ca-2017-Jh15985140-43071,Joseph Holt,"Gould Plastics 18-Pocket Panel Bin, 34W X 5-1/4D X 20-1/2H",Central Us,91.99,3.6796
Ca-2017-Jh15985140-43071,Joseph Holt,Panasonic Kx-Tg6844B Expandable Digital Cordless Telephone,Central Us,131.98,35.6346
Ca-2017-Jh15985140-43071,Joseph Holt,"Tennsco Lockers, Gray",Central Us,83.92,5.8744
Ca-2017-Jh618023-42987,Justin Hirsh,"Advantus Rubber Bands, Metal",Canada,16.71,4.17
Ca-2017-Jh618023-42987,Justin Hirsh,"Sandisk Parchment Paper, Premium",Canada,16.71,3.15
Ca-2017-Jk15730140-42909,Joe Kamberova,Wilson Jones Standard D-Ring Binders,Central Us,3.036,-5.0094
Ca-2017-Jk15730140-43016,Joe Kamberova,Storex Duratech Recycled Plastic Frosted Binders,Central Us,4.24,-6.36
Ca-2017-Jk16090140-43072,Juliana Krohn,Clearone Chatattach 160 - Speaker Phone,Central Us,2479.96,743.988
Ca-2017-Jk16120140-42784,Julie Kriz,"Chromcraft 48"" X 96"" Racetrack Double Pedestal Table",Central Us,480.96,-269.3376
Ca-2017-Jk16120140-42784,Julie Kriz,Lg Exalt,Central Us,124.792,10.9193
Ca-2017-Jk16120140-42867,Julie Kriz,Newell 348,Central Us,5.248,0.5904
Ca-2017-Jk16120140-42867,Julie Kriz,Safco Commercial Shelving,Central Us,74.416,-14.8832
Ca-2017-Jk16120140-42867,Julie Kriz,Telescoping Adjustable Floor Lamp,Central Us,7.996,-6.9965
Ca-2017-Jk16120140-42867,Julie Kriz,Xerox 1927,Central Us,6.848,2.14
Ca-2017-Jk16120140-42983,Julie Kriz,"Hunt Powerhouse Electric Pencil Sharpener, Blue",Central Us,30.384,3.798
Ca-2017-Jk562523-42784,Jim Karlsson,"Bic Markers, Fluorescent",Canada,27.69,2.19
Ca-2017-Jk562523-42784,Jim Karlsson,"Safco Rocking Chair, Set Of Two",Canada,137.16,0
Ca-2017-Jk562523-42784,Jim Karlsson,"Sandisk Router, Erganomic",Canada,508.32,203.28
Ca-2017-Jk562523-42784,Jim Karlsson,"Sandisk Router, Usb",Canada,1539.36,646.38
Ca-2017-Jk562523-42784,Jim Karlsson,"Stanley Pencil Sharpener, Easy-Erase",Canada,52.08,17.7
Ca-2017-Jk612023-42960,Julie Kriz,"Acco Binding Machine, Durable",Canada,52.59,12.6
Ca-2017-Jk612023-42960,Julie Kriz,"Apple Audio Dock, Full Size",Canada,168.18,15.12
Ca-2017-Jk612023-42960,Julie Kriz,"Binney & Smith Sketch Pad, Blue",Canada,46.32,12.03
Ca-2017-Jk612023-42960,Julie Kriz,"Cisco Signal Booster, Voip",Canada,607.68,36.36
Ca-2017-Jl15505140-42881,Jeremy Lonsdale,"Iris 3-Drawer Stacking Bin, Black",Central Us,50.136,-11.2806
Ca-2017-Jl15505140-43051,Jeremy Lonsdale,Acme Titanium Bonded Scissors,Central Us,25.5,6.63
Ca-2017-Jm15250140-42737,Janet Martin,Fellowes Superior 10 Outlet Split Surge Protector,Central Us,15.224,-38.8212
Ca-2017-Jm15250140-42737,Janet Martin,Fluorescent Highlighters By Dixon,Central Us,12.736,2.2288
Ca-2017-Jm15250140-42737,Janet Martin,Gbc Instant Report Kit,Central Us,6.47,-9.705
Ca-2017-Jm15250140-42737,Janet Martin,Office Star - Contemporary Task Swivel Chair,Central Us,310.744,-26.6352
Ca-2017-Jm15250140-42737,Janet Martin,"Pressboard Covers With Storage Hooks, 9 1/2"" X 11"", Light Blue",Central Us,13.748,-22.6842
Ca-2017-Jm15250140-42737,Janet Martin,Safco Boltless Steel Shelving,Central Us,454.56,-107.958
Ca-2017-Jm15250140-42737,Janet Martin,"Tenex Carpeted, Granite-Look Or Clear Contemporary Contour Shape Chair Mats",Central Us,141.42,-187.3815
Ca-2017-Jm15265140-43063,Janet Molinari,Coloredge Poster Frame,Central Us,28.4,11.076
Ca-2017-Jm15265140-43063,Janet Molinari,Gbc Velobinder Manual Binding System,Central Us,287.92,138.2016
Ca-2017-Jm526523-42980,Janet Molinari,"Rogers Lockers, Industrial",Canada,424.2,161.16
Ca-2017-Jo15550140-42885,Jesus Ocampo,Plymouth Boxed Rubber Bands By Plymouth,Central Us,23.55,1.1775
Ca-2017-Jp15460140-43063,Jennifer Patt,Aluminum Screw Posts,Central Us,6.104,-9.156
Ca-2017-Jp15460140-43063,Jennifer Patt,"Lesro Round Back Collection Coffee Table, End Table",Central Us,127.785,-31.0335
Ca-2017-Jp15460140-43063,Jennifer Patt,Xerox 1942,Central Us,78.304,29.364
Ca-2017-Jp15460140-43063,Jennifer Patt,Xerox 22,Central Us,36.288,12.7008
Ca-2017-Jp15520140-43078,Jeremy Pistek,"Adams Phone Message Book, 200 Message Capacity, 8 1/16” X 11”",Central Us,27.52,12.6592
Ca-2017-Jp15520140-43078,Jeremy Pistek,"Avery 4027 File Folder Labels For Dot Matrix Printers, 5000 Labels Per Box, White",Central Us,61.06,28.0876
Ca-2017-Jp15520140-43078,Jeremy Pistek,Hoover Windtunnel Plus Canister Vacuum,Central Us,1089.75,305.13
Ca-2017-Jp15520140-43078,Jeremy Pistek,Logitech G105 Gaming Keyboard,Central Us,178.11,32.0598
Ca-2017-Jp15520140-43078,Jeremy Pistek,"Sauder Camden County Collection Libraries, Planked Cherry Finish",Central Us,459.92,41.3928
Ca-2017-Jp16135140-42787,Julie Prescott,Disposable Triple-Filter Dust Bags,Central Us,13.11,3.4086
Ca-2017-Jp16135140-42787,Julie Prescott,Newell 351,Central Us,6.56,1.9024
Ca-2017-Jp546023-42912,Jennifer Patt,"Bic Pens, Easy-Erase",Canada,29.1,6.36
Ca-2017-Jp546023-42912,Jennifer Patt,"Rogers Lockers, Single Width",Canada,423.3,186.24
Ca-2017-Jp546023-42912,Jennifer Patt,"Stanley Markers, Water Color",Canada,50.76,16.74
Ca-2017-Jr16210140-43067,Justin Ritter,Gbc Docubind P100 Manual Binding Machine,Central Us,497.94,224.073
Ca-2017-Jr16210140-43067,Justin Ritter,Xerox 1909,Central Us,158.28,72.8088
Ca-2017-Js15595140-42981,Jill Stevenson,Advantus Plastic Paper Clips,Central Us,16,5.6
Ca-2017-Js15595140-42981,Jill Stevenson,"Belkin 19"" Center-Weighted Shelf, Gray",Central Us,235.92,-44.235
Ca-2017-Js15595140-42981,Jill Stevenson,Belkin 7-Outlet Surgemaster Home Series,Central Us,5.588,-15.0876
Ca-2017-Js16030140-42783,Joy Smith,"Executive Impressions 13"" Clairmont Wall Clock",Central Us,7.692,-3.6537
Ca-2017-Js16030140-42783,Joy Smith,Global Deluxe High-Back Manager'S Chair,Central Us,600.558,-8.5794
Ca-2017-Js16030140-42783,Joy Smith,Newell 312,Central Us,28.032,3.504
Ca-2017-Js16030140-42783,Joy Smith,"Tennsco Lockers, Gray",Central Us,50.352,-8.1822
Ca-2017-Js16030140-42783,Joy Smith,"Vinyl Coated Wire Paper Clips In Organizer Box, 800/Box",Central Us,18.368,6.1992
Ca-2017-Js594023-43077,Joni Sundaresam,"Tenex Box, Blue",Canada,16.5,4.11
Ca-2017-Kb16240140-43003,Karen Bern,"Global Airflow Leather Mesh Back Chair, Black",Central Us,603.92,181.176
Ca-2017-Kb16240140-43003,Karen Bern,Imation Bio 2Gb Usb Flash Drive Imation Corp,Central Us,655.9,275.478
Ca-2017-Kb16240140-43003,Karen Bern,Keytronic E03601U1 - Keyboard - Beige,Central Us,72,12.96
Ca-2017-Kb16240140-43096,Karen Bern,Xerox 1959,Central Us,16.032,5.6112
Ca-2017-Kb16600140-43099,Ken Brennan,Xerox 1915,Central Us,209.7,100.656
Ca-2017-Ke16420140-43053,Katrina Edelman,"Bush Westfield Collection Bookcases, Fully Assembled",Central Us,205.9992,-27.2646
Ca-2017-Ke16420140-43053,Katrina Edelman,Eldon Profile File 'N Store Portable File Tub Letter/Legal Size Black,Central Us,61.792,6.1792
Ca-2017-Kh16510140-43037,Keith Herrera,Imation 8Gb Micro Traveldrive Usb 2.0 Flash Drive,Central Us,24,-2.7
Ca-2017-Kh16510140-43037,Keith Herrera,Logitech Desktop Mk120 Mouse And Keyboard Combo,Central Us,26.176,-3.272
Ca-2017-Kh16510140-43037,Keith Herrera,Xerox 21,Central Us,15.552,5.4432
Ca-2017-Kh16630140-43010,Ken Heidel,Design Ebony Sketching Pencil,Central Us,6.672,0.5004
Ca-2017-Kl16555140-42938,Kelly Lampkin,Avery Poly Binder Pockets,Central Us,2.864,-4.5824
Ca-2017-Kl16555140-42938,Kelly Lampkin,Catalog Binders With Expanding Posts,Central Us,94.192,-164.836
Ca-2017-Kl16645140-42835,Ken Lonsdale,Gbc Recycled Regency Composition Covers,Central Us,478.24,219.9904
Ca-2017-Kl16645140-42879,Ken Lonsdale,Acco 6 Outlet Guardian Premium Plus Surge Suppressor,Central Us,18.32,-46.716
Ca-2017-Kl16645140-42879,Ken Lonsdale,Oic Thumb-Tacks,Central Us,1.824,0.6156
Ca-2017-Kl16645140-42879,Ken Lonsdale,Storex Dura Pro Binders,Central Us,1.188,-1.9602
Ca-2017-Kl16645140-42879,Ken Lonsdale,Tennsco Commercial Shelving,Central Us,48.816,-11.5938
Ca-2017-Km16225140-43042,Kalyca Meade,"Binney & Smith Crayola Metallic Colored Pencils, 8-Color Set",Central Us,27.78,9.1674
Ca-2017-Km16225140-43042,Kalyca Meade,Staples,Central Us,18.24,9.12
Ca-2017-Kn16390140-42847,Katherine Nockton,Logitech Ls21 Speaker System - Pc Multimedia - 2.1-Ch - Wired,Central Us,47.976,8.3958
Ca-2017-Kn16390140-42847,Katherine Nockton,Xerox 230,Central Us,20.736,7.2576
Ca-2017-Kt16480140-42886,Kean Thornton,"Atlantic Metals Mobile 5-Shelf Bookcases, Custom Colors",Central Us,204.6664,-6.0196
Ca-2017-Kt646523-42995,Kean Takahito,"Eaton Message Books, Recycled",Canada,40.98,5.7
Ca-2017-Kt646523-42995,Kean Takahito,"Ibico Hole Reinforcements, Economy",Canada,6.99,3.42
Ca-2017-Kw16435140-42948,Katrina Willman,Motorola L804,Central Us,36.792,4.1391
Ca-2017-La16780140-42946,Laura Armstrong,Assorted Color Push Pins,Central Us,2.896,0.4706
Ca-2017-La16780140-42946,Laura Armstrong,Cisco Spa301,Central Us,124.792,15.599
Ca-2017-Lb16735140-42852,Larry Blacks,"Dax Value U-Channel Document Frames, Easel Back",Central Us,1.988,-1.4413
Ca-2017-Lc16930140-42989,Linda Cazamias,Panasonic Kx-Ts550,Central Us,147.168,16.5564
Ca-2017-Ld700523-43057,Lisa Decherney,"Fellowes Box, Wire Frame",Canada,18.75,8.61
Ca-2017-Lo17170140-43098,Lori Olson,3M Hangers With Command Adhesive,Central Us,2.96,-1.406
Ca-2017-Lo17170140-43098,Lori Olson,Computer Printout Index Tabs,Central Us,1.68,-2.688
Ca-2017-Lo17170140-43098,Lori Olson,G.E. Longer-Life Indoor Recessed Floodlight Bulbs,Central Us,7.968,-2.3904
Ca-2017-Lo17170140-43098,Lori Olson,"Padded Folding Chairs, Black, 4/Carton",Central Us,113.372,-3.2392
Ca-2017-Lp17095140-42766,Liz Preis,Acme Tagit Stainless Steel Antibacterial Scissors,Central Us,31.68,2.772
Ca-2017-Lp17095140-42766,Liz Preis,Balt Split Level Computer Training Table,Central Us,69.375,-47.175
Ca-2017-Lp17095140-42766,Liz Preis,"Quartet Omega Colored Chalk, 12/Pack",Central Us,9.344,3.1536
Ca-2017-Lp17095140-42766,Liz Preis,Samsung Galaxy S4,Central Us,2003.168,250.396
Ca-2017-Lp17095140-43091,Liz Preis,Tennsco Single-Tier Lockers,Central Us,375.34,18.767
Ca-2017-Ls16945140-42922,Linda Southworth,"Cardinal Holdit! Binder Insert Strips,Extra Strips",Central Us,11.394,-17.6607
Ca-2017-Ls16945140-42922,Linda Southworth,"Deflect-O Rollamat Studded, Beveled Mat For Medium Pile Carpeting",Central Us,332.028,-348.6294
Ca-2017-Ls16945140-42922,Linda Southworth,Tuf-Vin Binders,Central Us,6.316,-10.4214
Ca-2017-Ls16945140-42922,Linda Southworth,Xerox 1966,Central Us,31.104,11.2752
Ca-2017-Ls16945140-42922,Linda Southworth,Xerox 1975,Central Us,15.552,5.6376
Ca-2017-Ls16975140-43052,Lindsay Shagiari,"#10- 4 1/8"" X 9 1/2"" Security-Tint Envelopes",Central Us,12.224,4.4312
Ca-2017-Ls16975140-43052,Lindsay Shagiari,"Eldon Expressions Desk Accessory, Wood Photo Frame, Mahogany",Central Us,22.848,-17.7072
Ca-2017-Ls16975140-43052,Lindsay Shagiari,Fellowes Neat Ideas Storage Cubes,Central Us,77.952,-15.5904
Ca-2017-Ls16975140-43052,Lindsay Shagiari,Maxell Lto Ultrium - 800 Gb,Central Us,44.784,-0.5598
Ca-2017-Ls16975140-43052,Lindsay Shagiari,Panasonic Kx Ts3282W Corded Phone,Central Us,67.992,8.499
Ca-2017-Ls16975140-43052,Lindsay Shagiari,Surelock Post Binders,Central Us,30.56,-45.84
Ca-2017-Ls16975140-43080,Lindsay Shagiari,Ibico Covers For Plastic Or Wire Binding Elements,Central Us,34.5,15.525
Ca-2017-Ls17200140-42904,Luke Schmidt,Avery Durable Binders,Central Us,2.304,-3.5712
Ca-2017-Ls17200140-42904,Luke Schmidt,Fellowes Binding Cases,Central Us,9.36,-16.38
Ca-2017-Ls17200140-42904,Luke Schmidt,"Rediform Wirebound ""Phone Memo"" Message Book, 11 X 5-3/4",Central Us,12.224,4.4312
Ca-2017-Ls17245140-43066,Lynn Smith,Executive Impressions Supervisor Wall Clock,Central Us,126.3,40.416
Ca-2017-Ls17245140-43066,Lynn Smith,Sandisk Cruzer 32 Gb Usb Flash Drive,Central Us,38.04,12.1728
Ca-2017-Ls697523-42788,Lindsay Shagiari,"Bic Highlighters, Easy-Erase",Canada,153.6,35.28
Ca-2017-Ls697523-42788,Lindsay Shagiari,"Eldon Folders, Blue",Canada,33.96,5.76
Ca-2017-Ls697523-42788,Lindsay Shagiari,"Logitech Mouse, Programmable",Canada,123.12,33.24
Ca-2017-Ls697523-42788,Lindsay Shagiari,"Sanford Markers, Blue",Canada,139.5,26.46
Ca-2017-Ls724523-42883,Lynn Smith,"Smead Folders, Single Width",Canada,17.52,5.43
Ca-2017-Lt676523-43092,Larry Tron,"Avery Binder, Durable",Canada,28.8,1.44
Ca-2017-Lw16825140-43012,Laurel Workman,Colorific Watercolor Pencils,Central Us,20.64,2.322
Ca-2017-Lw17215140-43079,Luke Weiss,Gbc Imprintable Covers,Central Us,54.9,26.901
Ca-2017-Lw721523-42788,Luke Weiss,"Cisco Speaker Phone, Voip",Canada,277.14,91.44
Ca-2017-Ma17560140-43028,Matt Abelman,Staples,Central Us,29.472,9.9468
Ca-2017-Ma17560140-43036,Matt Abelman,Prang Colored Pencils,Central Us,7.056,2.205
Ca-2017-Ma17560140-43036,Matt Abelman,Spigen Samsung Galaxy S5 Case Wallet,Central Us,27.184,2.0388
Ca-2017-Ma799523-42962,Michelle Arnett,"Samsung Office Telephone, With Caller Id",Canada,130.44,30
Ca-2017-Mb17305140-43018,Maria Bertelson,Bulldog Vacuum Base Pencil Sharpener,Central Us,67.144,5.8751
Ca-2017-Mb17305140-43018,Maria Bertelson,Hon Every-Day Chair Series Swivel Task Chairs,Central Us,254.058,-32.6646
Ca-2017-Mc17605140-42759,Matt Connell,Balt Solid Wood Rectangular Table,Central Us,210.98,21.098
Ca-2017-Mc18100140-42981,Mick Crebagga,Kingston Digital Datatraveler 32Gb Usb 2.0,Central Us,40.68,-7.119
Ca-2017-Md17350140-42805,Maribeth Dona,"Bevis Traditional Conference Table Top, Plinth Base",Central Us,933.408,-173.3472
Ca-2017-Md17860140-43030,Michael Dominguez,Safco Boltless Steel Shelving,Central Us,909.12,9.0912
Ca-2017-Me17320140-43058,Maria Etezadi,"C-Line Magnetic Cubicle Keepers, Clear Polypropylene",Central Us,19.76,8.2992
Ca-2017-Me17725140-42916,Max Engle,Belkin F9G930V10-Gry 9 Outlet Surge,Central Us,21.392,-54.5496
Ca-2017-Me17725140-42916,Max Engle,Bevis Round Conference Table Top & Single Column Base,Central Us,307.314,-39.5118
Ca-2017-Me17725140-42916,Max Engle,O'Sullivan Plantations 2-Door Library In Landvery Oak,Central Us,409.9992,-96.4704
Ca-2017-Me772523-42777,Max Engle,"Tenex Lockers, Blue",Canada,204.15,53.07
Ca-2017-Mg17650140-43021,Matthew Grinstein,Clarity 53712,Central Us,369.544,27.7158
Ca-2017-Mg17650140-43021,Matthew Grinstein,Plantronics Cs510 - Over-The-Head Monaural Wireless Headset System,Central Us,791.88,128.6805
Ca-2017-Mg17650140-43021,Matthew Grinstein,Xerox 1993,Central Us,10.368,3.7584
Ca-2017-Mh17455140-42780,Mark Hamilton,"Holmes Replacement Filter For Hepa Air Cleaner, Medium Room",Central Us,90.64,38.9752
Ca-2017-Mh17455140-43015,Mark Hamilton,Adjustable Depth Letter/Legal Cart,Central Us,290.336,32.6628
Ca-2017-Mh17455140-43015,Mark Hamilton,Staples,Central Us,19.152,1.197
Ca-2017-Mh17785140-43002,Maya Herman,Xerox 1899,Central Us,9.248,3.3524
Ca-2017-Mh18025140-42792,Michelle Huthwaite,Avery Hidden Tab Dividers For Binding Systems,Central Us,1.788,-3.0396
Ca-2017-Mh18115140-42757,Mick Hernandez,"Ativa D5772 2-Line 5.8Ghz Digital Expandable Corded/Cordless Phone System With Answering & Caller Id/Call Waiting, Black/Silver",Central Us,164.99,49.497
Ca-2017-Mh18115140-42757,Mick Hernandez,Avery Durable Binders,Central Us,14.4,7.056
Ca-2017-Mh18115140-42757,Mick Hernandez,"Avery Flip-Chart Easel Binder, Black",Central Us,89.52,42.0744
Ca-2017-Mh18115140-42757,Mick Hernandez,I.R.I.S Iriscard Anywhere 5 Card Scanner,Central Us,350.973,152.0883
Ca-2017-Mh18115140-42757,Mick Hernandez,Logitech G19 Programmable Gaming Keyboard,Central Us,619.95,111.591
Ca-2017-Mh802523-43038,Michelle Huthwaite,"Advantus Thumb Tacks, Assorted Sizes",Canada,22.08,3.3
Ca-2017-Mj17740140-42806,Max Jones,Gbc Docubind Tl200 Manual Binding Machine,Central Us,895.92,421.0824
Ca-2017-Mk816023-42961,Mike Kennedy,"Binney & Smith Canvas, Blue",Canada,51.36,9.75
Ca-2017-Mk816023-42961,Mike Kennedy,"Stockwell Push Pins, Metal",Canada,28.98,0.24
Ca-2017-Ml17410140-42756,Maris Laware,Avery File Folder Labels,Central Us,11.52,4.176
Ca-2017-Ml17410140-42885,Maris Laware,"Adams Telephone Message Book W/Frequently-Called Numbers Space, 400 Messages Per Book",Central Us,7.98,3.99
Ca-2017-Ml17410140-42885,Maris Laware,Eldon Wave Desk Accessories,Central Us,6.24,2.6208
Ca-2017-Ml17410140-42885,Maris Laware,Hoover Commercial Lightweight Upright Vacuum With E-Z Empty Dirt Cup,Central Us,465.16,120.9416
Ca-2017-Ml17410140-42885,Maris Laware,Satellite Sectional Post Binders,Central Us,43.41,19.9686
Ca-2017-Ml17755140-42832,Max Ludwig,Staples,Central Us,106.32,49.9704
Ca-2017-Ml17755140-42862,Max Ludwig,Blackstonian Pencils,Central Us,6.408,0.6408
Ca-2017-Ml17755140-42862,Max Ludwig,Imation Secure+ Hardware Encrypted Usb 2.0 Flash Drive; 16Gb,Central Us,408.744,76.6395
Ca-2017-Ml18040140-42821,Michelle Lonsdale,"Career Cubicle Clock, 8 1/4"", Black",Central Us,60.84,23.1192
Ca-2017-Ml18040140-42891,Michelle Lonsdale,Presstex Flexible Ring Binders,Central Us,6.37,-9.555
Ca-2017-Ml804023-42822,Michelle Lonsdale,"Elite Box Cutter, Easy Grip",Canada,73.02,10.92
Ca-2017-Mm17920140-43093,Michael Moore,Acco 6 Outlet Guardian Premium Plus Surge Suppressor,Central Us,29.312,-74.7456
Ca-2017-Mm17920140-43093,Michael Moore,Spiral Phone Message Books With Labels By Adams,Central Us,28.672,10.3936
Ca-2017-Mo17500140-43028,Mary O'Rourke,"Lesro Round Back Collection Coffee Table, End Table",Central Us,91.275,-67.5435
Ca-2017-Mv17485140-43073,Mark Van Huff,Tensor Brushed Steel Torchiere Floor Lamp,Central Us,13.592,-14.2716
Ca-2017-My17380140-43071,Maribeth Yedwab,Xerox 201,Central Us,10.368,3.6288
Ca-2017-My18295140-42982,Muhammed Yedwab,"""While You Were Out"" Message Book, One Form Per Page",Central Us,8.904,3.339
Ca-2017-My18295140-42982,Muhammed Yedwab,Hypercom P1300 Pinpad,Central Us,100.8,21.42
Ca-2017-Nb18655140-43058,Nona Balk,Avery 487,Central Us,7.38,3.4686
Ca-2017-Nb18655140-43058,Nona Balk,"Companion Letter/Legal File, Black",Central Us,37.76,10.5728
Ca-2017-Nb18655140-43058,Nona Balk,"Decoflex Hanging Personal Folder File, Blue",Central Us,92.52,24.9804
Ca-2017-Nb18655140-43058,Nona Balk,"Ge General Purpose, Extra Long Life, Showcase & Floodlight Incandescent Bulbs",Central Us,5.82,2.7354
Ca-2017-Nc18340140-42876,Nat Carroll,"Bic Brite Liner Highlighters, Chisel Tip",Central Us,25.92,8.2944
Ca-2017-Nc18340140-42876,Nat Carroll,"Binney & Smith Inktank Desk Highlighter, Chisel Tip, Yellow, 12/Box",Central Us,21.5,7.095
Ca-2017-Nc18340140-42876,Nat Carroll,Boston 1645 Deluxe Heavier-Duty Electric Pencil Sharpener,Central Us,131.94,35.6238
Ca-2017-Nc18340140-42876,Nat Carroll,Fellowes High-Stak Drawer Files,Central Us,704.76,162.0948
Ca-2017-Nc18340140-42876,Nat Carroll,Staples,Central Us,7.41,3.4827
Ca-2017-Nc18415140-43059,Nathan Cano,"Avery Hi-Liter Glidestik Fluorescent Highlighter, Yellow Ink",Central Us,13.04,3.912
Ca-2017-Nc18415140-43059,Nathan Cano,Fellowes Pb500 Electric Punch Plastic Comb Binding Machine With Manual Bind,Central Us,1525.188,-2287.782
Ca-2017-Nc18415140-43059,Nathan Cano,"Global Wood Trimmed Manager'S Task Chair, Khaki",Central Us,191.058,-46.3998
Ca-2017-Nc18625140-42896,Noah Childs,Standard Rollaway File With Lock,Central Us,720.76,54.057
Ca-2017-Nc834023-42904,Nat Carroll,"Eldon Door Stop, Erganomic",Canada,97.56,12.66
Ca-2017-Nc834023-42904,Nat Carroll,"Hon Round Labels, Laser Printer Compatible",Canada,39.96,16.38
Ca-2017-Nc834023-42904,Nat Carroll,"Novimex Steel Folding Chair, Adjustable",Canada,84.72,11.85
Ca-2017-Nc834023-42904,Nat Carroll,"Wilson Jones Index Tab, Clear",Canada,5.91,0.51
Ca-2017-Nf18595140-42986,Nicole Fjeld,Staples,Central Us,73.008,26.4654
Ca-2017-Ng18430140-43052,Nathan Gelder,Tennsco Double-Tier Lockers,Central Us,540.048,-47.2542
Ca-2017-Ng18430140-43052,Nathan Gelder,"Wirebound Message Books, 5-1/2 X 4 Forms, 2 Or 4 Forms Per Page",Central Us,16.056,5.8203
Ca-2017-Ng18430140-43052,Nathan Gelder,Xerox 197,Central Us,223.056,69.705
Ca-2017-Nk18490140-42905,Neil Knudson,Xerox 1925,Central Us,74.352,23.235
Ca-2017-Np18670140-43042,Nora Paige,"Adams Telephone Message Book W/Dividers/Space For Phone Numbers, 5 1/4""X8 1/2"", 300/Messages",Central Us,11.76,5.7624
Ca-2017-Np18670140-43042,Nora Paige,Black & Decker Filter For Double Action Dustbuster Cordless Vac Bldv7210,Central Us,83.9,20.975
Ca-2017-Ns18505140-43094,Neola Schneider,Economy Rollaway Files,Central Us,264.32,19.824
Ca-2017-Ns18640140-42926,Noel Staavos,Belkin F9S820V06 8 Outlet Surge,Central Us,58.464,-146.16
Ca-2017-Ns18640140-42926,Noel Staavos,"Quartet Alpha White Chalk, 12/Pack",Central Us,8.84,2.9835
Ca-2017-Nw18400140-42928,Natalie Webber,Staples,Central Us,30.32,11.8248
Ca-2017-Nz18565140-42953,Nick Zandusky,"Tennsco Lockers, Sand",Central Us,151.056,7.5528
Ca-2017-Pa19060140-42997,Pete Armstrong,Jet-Pak Recycled Peel 'N' Seal Padded Mailers,Central Us,114.848,35.89
Ca-2017-Pg18895140-43035,Paul Gonzalez,Avery 511,Central Us,6.16,2.9568
Ca-2017-Pg18895140-43035,Paul Gonzalez,Logitech Ls21 Speaker System - Pc Multimedia - 2.1-Ch - Wired,Central Us,19.99,6.7966
Ca-2017-Pk19075140-42800,Pete Kriz,Avery 515,Central Us,25.06,11.7782
Ca-2017-Pl18925140-42842,Paul Lucas,Newell 325,Central Us,16.52,2.065
Ca-2017-Po18850140-43033,Patrick O'Brill,Hon 2111 Invitation Series Straight Table,Central Us,517.405,-81.3065
Ca-2017-Po18865140-42953,Patrick O'Donnell,Avery 475,Central Us,133.2,66.6
Ca-2017-Po18865140-42953,Patrick O'Donnell,Logitech Mx Performance Wireless Mouse,Central Us,79.78,29.5186
Ca-2017-Po18865140-42953,Patrick O'Donnell,Premium Transparent Presentation Covers By Gbc,Central Us,125.88,60.4224
Ca-2017-Po19180140-42812,Philisse Overcash,Gbc Plasticlear Binding Covers,Central Us,13.776,-22.0416
Ca-2017-Po19180140-42812,Philisse Overcash,Xerox 1900,Central Us,10.272,3.21
Ca-2017-Po19180140-42940,Philisse Overcash,Logitech G600 Mmo Gaming Mouse,Central Us,399.95,143.982
Ca-2017-Pp18955140-42874,Paul Prost,Avanti 1.7 Cu. Ft. Refrigerator,Central Us,706.86,197.9208
Ca-2017-Pp18955140-42874,Paul Prost,Motorola Hk250 Universal Bluetooth Headset,Central Us,114.95,2.299
Ca-2017-Pp18955140-42874,Paul Prost,"Universal Recycled Hanging Pressboard Report Binders, Letter Size",Central Us,43.19,20.7312
Ca-2017-Pt19090140-42938,Pete Takahito,"Wilson Jones 1"" Hanging Dubllock Ring Binders",Central Us,2.112,-3.3792
Ca-2017-Ra19915140-42966,Russell Applegate,Acco D-Ring Binder W/Dubllock,Central Us,21.38,-33.139
Ca-2017-Ra19915140-42966,Russell Applegate,Ibico Plastic And Wire Spiral Binding Combs,Central Us,6.744,-11.4648
Ca-2017-Ra19915140-42966,Russell Applegate,Safco Steel Mobile File Cart,Central Us,200.064,12.504
Ca-2017-Ra19945140-43039,Ryan Akin,"Bevis Round Conference Table Top, X-Base",Central Us,251.006,-68.1302
Ca-2017-Ra19945140-43039,Ryan Akin,"Dax Metal Frame, Desktop, Stepped-Edge",Central Us,16.192,-8.5008
Ca-2017-Ra19945140-43039,Ryan Akin,X-Rack File For Hanging Folders,Central Us,54.192,4.0644
Ca-2017-Rb19330140-43032,Randy Bradley,"Acco Flexible Accohide Square Ring Data Binder, Dark Blue, 11 1/2"" X 14"" 7/8""",Central Us,9.762,-15.1311
Ca-2017-Rb19330140-43032,Randy Bradley,Advantus Rolling Storage Box,Central Us,13.72,1.2005
Ca-2017-Rb19330140-43032,Randy Bradley,"Carina 42""Hx23 3/4""W Media Storage Unit",Central Us,259.136,-58.3056
Ca-2017-Rb19330140-43032,Randy Bradley,Wd My Passport Ultra 1Tb Portable External Hard Drive,Central Us,55.2,-2.07
Ca-2017-Rb19360140-42942,Raymond Buch,Avery 498,Central Us,20.23,9.5081
Ca-2017-Rb19465140-42909,Rick Bensley,"Hon Deluxe Fabric Upholstered Stacking Chairs, Rounded Back",Central Us,487.96,146.388
Ca-2017-Rb19465140-43091,Rick Bensley,Staples,Central Us,15.92,7.0048
Ca-2017-Rb19570140-43075,Rob Beeghly,Imation 16Gb Mini Traveldrive Usb 2.0 Flash Drive,Central Us,99.39,40.7499
Ca-2017-Rb19570140-43075,Rob Beeghly,Kensington 6 Outlet Guardian Standard Surge Protector,Central Us,61.44,16.5888
Ca-2017-Rb19570140-43075,Rob Beeghly,"Southworth 100% Résumé Paper, 24Lb.",Central Us,38.9,17.505
Ca-2017-Rb970523-42951,Roger Barcio,"Novimex Round Labels, 5000 Label Set",Canada,26.64,12.48
Ca-2017-Rb970523-42951,Roger Barcio,"Sauder Stackable Bookrack, Traditional",Canada,146.28,21.93
Ca-2017-Rb970523-42951,Roger Barcio,"Stanley Pencil Sharpener, Water Color",Canada,111.84,4.44
Ca-2017-Rd19480140-43028,Rick Duston,Qvs Usb Car Charger 2-Port 2.1Amp For Ipod/Iphone/Ipad/Ipad 2/Ipad 3,Central Us,16.68,5.2125
Ca-2017-Rd19585140-42920,Rob Dowd,Nettalk Duo Voip Telephone Service,Central Us,167.968,62.988
Ca-2017-Rd19660140-42986,Robert Dilbeck,Gbc Docubind 300 Electric Binding Machine,Central Us,1577.94,757.4112
Ca-2017-Rd19720140-42824,Roger Demir,Adjustable Personal File Tote,Central Us,81.4,21.164
Ca-2017-Rd19810140-42770,Ross Devincentis,Eldon Cleatmat Chair Mats For Medium Pile Carpets,Central Us,22.2,-26.085
Ca-2017-Rd19810140-42770,Ross Devincentis,Xerox 189,Central Us,419.4,146.79
Ca-2017-Rd19810140-42770,Ross Devincentis,Xerox 1893,Central Us,65.584,23.7742
Ca-2017-Rd19810140-42770,Ross Devincentis,Xerox 2,Central Us,5.184,1.8144
Ca-2017-Rd19930140-42836,Russell D'Ascenzo,Logitech Mx Performance Wireless Mouse,Central Us,95.736,20.3439
Ca-2017-Rd19930140-42836,Russell D'Ascenzo,Xerox 1894,Central Us,10.368,3.6288
Ca-2017-Rd19930140-43058,Russell D'Ascenzo,Global Highback Leather Tilter In Burgundy,Central Us,127.386,-25.4772
Ca-2017-Rd19930140-43058,Russell D'Ascenzo,"Peel & Seel Recycled Catalog Envelopes, Brown",Central Us,55.584,20.844
Ca-2017-Rd948023-43053,Rick Duston,"Sanford Sketch Pad, Blue",Canada,90.96,2.7
Ca-2017-Rd958523-42990,Rob Dowd,"Bush Floating Shelf Set, Mobile",Canada,695.16,173.76
Ca-2017-Rd958523-42990,Rob Dowd,"Harbour Creations Legal Exhibit Labels, Adjustable",Canada,8.85,4.05
Ca-2017-Re19450140-42798,Richard Eichhorn,"Important Message Pads, 50 4-1/4 X 5-1/2 Forms Per Pad",Central Us,26.88,9.744
Ca-2017-Rf19735140-43011,Roland Fjeld,Avery Durable Binders,Central Us,2.88,1.4112
Ca-2017-Rf19735140-43011,Roland Fjeld,"Avery Hi-Liter Everbold Pen Style Fluorescent Highlighters, 4/Pack",Central Us,56.98,22.792
Ca-2017-Rf19735140-43011,Roland Fjeld,Gbc Durable Plastic Covers,Central Us,58.05,26.703
Ca-2017-Rf19735140-43011,Roland Fjeld,Nu-Dell Leatherette Frames,Central Us,157.74,56.7864
Ca-2017-Rf934523-43094,Randy Ferguson,"Cardinal Index Tab, Clear",Canada,13.44,5.64
Ca-2017-Rh19495140-43000,Rick Hansen,Avery Durable Binders,Central Us,20.16,9.8784
Ca-2017-Rm967523-42994,Robert Marley,"Cardinal Binding Machine, Recycled",Canada,200.52,42
Ca-2017-Rm967523-42994,Robert Marley,"Harbour Creations Legal Exhibit Labels, Laser Printer Compatible",Canada,10.95,2.4
Ca-2017-Ro19780140-43003,Rose O'Brian,Gueststacker Chair With Chrome Finish Legs,Central Us,520.464,-14.8704
Ca-2017-Ro19780140-43003,Rose O'Brian,Wirebound Voice Message Log Book,Central Us,11.424,3.7128
Ca-2017-Ro19780140-43065,Rose O'Brian,Avery Hi-Liter Smear-Safe Highlighters,Central Us,18.688,3.7376
Ca-2017-Ro19780140-43065,Rose O'Brian,Blue Parrot B250Xt Professional Grade Wireless Bluetooth Headset With,Central Us,299.96,37.495
Ca-2017-Ro19780140-43065,Rose O'Brian,Fellowes Command Center 5-Outlet Power Strip,Central Us,67.84,-179.776
Ca-2017-Ro19780140-43065,Rose O'Brian,Hon Deluxe Fabric Upholstered Stacking Chairs,Central Us,853.93,-24.398
Ca-2017-Rp19855140-43072,Roy Phan,Manco Dry-Lighter Erasable Highlighter,Central Us,12.16,2.128
Ca-2017-Rr19315140-43081,Ralph Ritter,Electrix Halogen Magnifier Lamp,Central Us,77.72,-66.062
Ca-2017-Rr19315140-43081,Ralph Ritter,Gueststacker Chair With Chrome Finish Legs,Central Us,520.464,-14.8704
Ca-2017-Rr19315140-43081,Ralph Ritter,Xerox 21,Central Us,10.368,3.6288
Ca-2017-Rr19525140-42930,Rick Reed,Standard Rollaway File With Lock,Central Us,360.38,93.6988
Ca-2017-Rr19525140-42930,Rick Reed,Strathmore Photo Mount Cards,Central Us,13.56,6.2376
Ca-2017-Rs19765140-42797,Roland Schwarz,Acco Suede Grain Vinyl Round Ring Binder,Central Us,0.556,-0.9452
Ca-2017-Rs19870140-43081,Roy Skaria,Pastel Pink Envelopes,Central Us,7.28,3.4944
Ca-2017-Rs19870140-43081,Roy Skaria,Wilson Jones Easy Flow Ii Sheet Lifters,Central Us,5.4,2.592
Ca-2017-Rw19540140-42863,Rick Wilson,Belkin Premiere Surge Master Ii 8-Outlet Surge Protector,Central Us,87.444,18.4604
Ca-2017-Rw19540140-42863,Rick Wilson,Hon 4070 Series Pagoda Armless Upholstered Stacking Chairs,Central Us,1458.65,423.0085
Ca-2017-Rw19540140-42863,Rick Wilson,Safco Contoured Stacking Chairs,Central Us,476.8,119.2
Ca-2017-Rw19540140-42863,Rick Wilson,Safco Optional Arm Kit For Workspace Cribbage Stacking Chair,Central Us,26.64,7.4592
Ca-2017-Rw19690140-42816,Robert Waldorf,"Eaton Premium Continuous-Feed Paper, 25% Cotton, Letter Size, White, 1000 Shts/Box",Central Us,277.4,133.152
Ca-2017-Rw19690140-42816,Robert Waldorf,Xerox 196,Central Us,5.78,2.8322
Ca-2017-Rw19690140-42989,Robert Waldorf,3M Organizer Strips,Central Us,16.2,7.776
Ca-2017-Rw19690140-42989,Robert Waldorf,Acco 6 Outlet Guardian Standard Surge Suppressor,Central Us,24.18,7.254
Ca-2017-Rw19690140-42989,Robert Waldorf,Fellowes Stor/Drawer Steel Plus Storage Drawers,Central Us,286.29,17.1774
Ca-2017-Rw19690140-42989,Robert Waldorf,"Holmes Replacement Filter For Hepa Air Cleaner, Medium Room",Central Us,33.99,14.6157
Ca-2017-Rw19690140-42989,Robert Waldorf,Imation Clip Usb Flash Drive - 8 Gb,Central Us,112.8,6.768
Ca-2017-Rw19690140-42989,Robert Waldorf,Logitech G105 Gaming Keyboard,Central Us,296.85,53.433
Ca-2017-Rw19690140-42989,Robert Waldorf,Newell 3-Hole Punched Plastic Slotted Magazine Holders For Binders,Central Us,13.71,6.5808
Ca-2017-Rw19690140-42989,Robert Waldorf,Xerox 1970,Central Us,24.9,11.703
Ca-2017-Sa20830140-42829,Sue Ann Reed,Prang Colored Pencils,Central Us,7.056,2.205
Ca-2017-Sc1026023-42955,Scott Cohen,"Belkin Router, Bluetooth",Canada,258.75,10.35
Ca-2017-Sc1026023-42955,Scott Cohen,"Sandisk Computer Printout Paper, Multicolor",Canada,374.4,48.6
Ca-2017-Sc20260140-42826,Scott Cohen,Fellowes 8 Outlet Superior Workstation Surge Protector W/O Phone/Fax/Modem Protection,Central Us,33.62,-90.774
Ca-2017-Sc20305140-42849,Sean Christensen,"Trendnet 56K Usb 2.0 Phone, Internet And Fax Modem",Central Us,155.34,55.9224
Ca-2017-Sc20305140-42897,Sean Christensen,Imation 16Gb Mini Traveldrive Usb 2.0 Flash Drive,Central Us,132.52,54.3332
Ca-2017-Sc20305140-42976,Sean Christensen,Hp Office Paper (20Lb. And 87 Bright),Central Us,26.72,9.352
Ca-2017-Sc20305140-42976,Sean Christensen,Xerox 4200 Series Multiuse Premium Copy Paper (20Lb. And 84 Bright),Central Us,25.344,7.92
Ca-2017-Sc20575140-42967,Sonia Cooley,Binder Posts,Central Us,2.296,-3.9032
Ca-2017-Sc20695140-42958,Steve Chapman,Xerox 1906,Central Us,177.2,83.284
Ca-2017-Sc20695140-43011,Steve Chapman,Acco 6 Outlet Guardian Premium Plus Surge Suppressor,Central Us,21.984,-56.0592
Ca-2017-Sc20695140-43011,Steve Chapman,Fellowes Superior 10 Outlet Split Surge Protector,Central Us,15.224,-38.8212
Ca-2017-Sc20770140-42797,Stewart Carmichael,Staples,Central Us,6.976,-1.3952
Ca-2017-Sc20770140-42797,Stewart Carmichael,Wilson Jones Leather-Like Binders With Dubllock Round Rings,Central Us,12.222,-20.1663
Ca-2017-Sc20770140-43059,Stewart Carmichael,"Bush Andora Conference Table, Maple/Graphite Gray Finish",Central Us,718.116,-71.8116
Ca-2017-Sc20770140-43059,Stewart Carmichael,Peel-Off China Markers,Central Us,31.776,8.7384
Ca-2017-Sc20800140-43070,Stuart Calhoun,Binder Clips By Oic,Central Us,2.368,0.8288
Ca-2017-Sd20485140-42900,Shirley Daniels,"Belkin 19"" Vented Equipment Shelf, Black",Central Us,164.736,-39.1248
Ca-2017-Sd20485140-42900,Shirley Daniels,Global Super Steno Chair,Central Us,470.302,-87.3418
Ca-2017-Sd20485140-42900,Shirley Daniels,Otterbox Defender Series Case - Samsung Galaxy S4,Central Us,47.984,5.998
Ca-2017-Se20110140-42975,Sanjit Engle,"Eberhard Faber 3 1/2"" Golf Pencils",Central Us,5.952,0.372
Ca-2017-Sf20965140-42959,Sylvia Foulston,Bic Brite Liner Grip Highlighters,Central Us,9.184,2.87
Ca-2017-Sf20965140-42959,Sylvia Foulston,"Fellowes Twister Kit, Gray/Clear, 3/Pkg",Central Us,12.864,-22.512
Ca-2017-Sf20965140-42959,Sylvia Foulston,Pyle Pmp37Led,Central Us,153.584,13.4386
Ca-2017-Sf20965140-42959,Sylvia Foulston,"Wirebound Message Books, Four 2 3/4"" X 5"" Forms Per Page, 600 Sets Per Book",Central Us,29.664,10.0116
Ca-2017-Sg20080140-43092,Sandra Glassco,Sanyo 2.5 Cubic Foot Mid-Size Office Refrigerators,Central Us,839.43,218.2518
Ca-2017-Sg20890140-42874,Susan Gilcrest,"Acco Pressboard Covers With Storage Hooks, 14 7/8"" X 11"", Light Blue",Central Us,6.874,-10.6547
Ca-2017-Sg20890140-42874,Susan Gilcrest,"Avery Framed View Binder, Ezd Ring (Locking), Navy, 1 1/2""",Central Us,1.996,-3.2934
Ca-2017-Sg20890140-42874,Susan Gilcrest,Plastic Stacking Crates & Casters,Central Us,8.928,0.6696
Ca-2017-Sh1039523-42909,Shahid Hopkins,"Acco Binding Machine, Durable",Canada,52.59,12.6
Ca-2017-Sh1039523-42909,Shahid Hopkins,"Advantus Push Pins, 12 Pack",Canada,13.86,4.83
Ca-2017-Sh19975140-43036,Sally Hughsby,#6 3/4 Gummed Flap White Envelopes,Central Us,15.84,5.544
Ca-2017-Sh19975140-43036,Sally Hughsby,Xerox 1972,Central Us,8.448,2.64
Ca-2017-Sj20125140-42846,Sanjit Jacobs,Eldon Cleatmat Chair Mats For Medium Pile Carpets,Central Us,44.4,-52.17
Ca-2017-Sj20125140-42996,Sanjit Jacobs,"Global Wood Trimmed Manager'S Task Chair, Khaki",Central Us,318.43,-77.333
Ca-2017-Sj20125140-42996,Sanjit Jacobs,Newell Chalk Holder,Central Us,9.912,3.2214
Ca-2017-Sj20125140-42996,Sanjit Jacobs,Polycom Voicestation 500 Conference Phone,Central Us,1415.76,88.485
Ca-2017-Sj20125140-42996,Sanjit Jacobs,Wilson Jones “Snap” Scratch Pad Binder Tool For Ring Binders,Central Us,5.8,-10.15
Ca-2017-Sj20215140-42846,Sarah Jordon,Dmi Arturo Collection Mission-Style Design Wood Chair,Central Us,317.058,-18.1176
Ca-2017-Sj20215140-42846,Sarah Jordon,Lumber Crayons,Central Us,15.76,3.546
Ca-2017-Sj20215140-42846,Sarah Jordon,"Master Caster Door Stop, Large Neon Orange",Central Us,14.56,-6.188
Ca-2017-Sj20215140-43071,Sarah Jordon,Cisco Spa112 2 Port Phone Adapter,Central Us,219.8,24.7275
Ca-2017-Sj20215140-43071,Sarah Jordon,Dmi Arturo Collection Mission-Style Design Wood Chair,Central Us,317.058,-18.1176
Ca-2017-Sl20155140-43030,Sara Luxemburg,Bevis Boat-Shaped Conference Table,Central Us,262.11,62.9064
Ca-2017-Sl20155140-43030,Sara Luxemburg,Polycom Vvx 310 Voip Phone,Central Us,1439.92,374.3792
Ca-2017-Sm20320140-42926,Sean Miller,Eldon Antistatic Chair Mats For Low To Medium Pile Carpets,Central Us,526.45,31.587
Ca-2017-Sm20950140-42937,Suzanne Mcnair,Ibico Ibimaster 300 Manual Binding System,Central Us,735.98,331.191
Ca-2017-Sn20560140-42989,Skye Norling,Fellowes Pb500 Electric Punch Plastic Comb Binding Machine With Manual Bind,Central Us,762.594,-1143.891
Ca-2017-Sn20710140-43021,Steve Nguyen,"Global Stack Chair Without Arms, Black",Central Us,254.604,-18.186
Ca-2017-Sp20860140-43021,Sung Pak,Logitech Wireless Touch Keyboard K400,Central Us,39.984,-1.4994
Ca-2017-Sp20920140-43030,Susan Pistek,Belkin 8 Outlet Surgemaster Ii Gold Surge Protector,Central Us,23.992,-62.3792
Ca-2017-Sr1042523-43056,Sharelle Roach,"Binney & Smith Pens, Water Color",Canada,60.48,21.72
Ca-2017-Sr1042523-43056,Sharelle Roach,"Binney & Smith Sketch Pad, Easy-Erase",Canada,46.59,6.96
Ca-2017-Ss1014023-42920,Saphhira Shifley,"Cardinal Index Tab, Clear",Canada,7.26,2.52
Ca-2017-Ss20140140-43085,Saphhira Shifley,Newell 307,Central Us,10.192,1.0192
Ca-2017-Su20665140-42808,Stephanie Ulpright,Col-Erase Pencils With Erasers,Central Us,19.456,2.1888
Ca-2017-Su20665140-42808,Stephanie Ulpright,"Eberhard Faber 3 1/2"" Golf Pencils",Central Us,29.76,1.86
Ca-2017-Su20665140-42808,Stephanie Ulpright,Hewlett Packard Laserjet 3310 Copier,Central Us,959.984,335.9944
Ca-2017-Su20665140-42808,Stephanie Ulpright,"Hp Officejet Pro 8600 E-All-In-One Printer, Copier, Scanner, Fax",Central Us,209.986,8.9994
Ca-2017-Su20665140-42808,Stephanie Ulpright,Plantronics Mx500I Earset,Central Us,34.36,-7.3015
Ca-2017-Su20665140-42808,Stephanie Ulpright,Safco Folding Chair Trolley,Central Us,89.768,-2.5648
Ca-2017-Su20665140-42808,Stephanie Ulpright,Xerox 1993,Central Us,15.552,5.6376
Ca-2017-Sv1081523-43092,Stuart Van,"Enermax Parchment Paper, Multicolor",Canada,33.6,10.08
Ca-2017-Sv1081523-43092,Stuart Van,"Motorola Smart Phone, Full Size",Canada,3863.88,1159.02
Ca-2017-Sv1081523-43092,Stuart Van,"Stiletto Letter Opener, High Speed",Canada,111.12,18.84
Ca-2017-Sw1027523-43016,Scott Williamson,"Ames Manila Envelope, Security-Tint",Canada,27.09,10.83
Ca-2017-Sw1027523-43016,Scott Williamson,"Hon Swivel Stool, Black",Canada,967.32,270.72
Ca-2017-Sw1027523-43016,Scott Williamson,"Tenex Box, Wire Frame",Canada,31.14,14.28
Ca-2017-Sw1075523-43030,Steven Ward,"Motorola Audio Dock, Full Size",Canada,698.64,209.52
Ca-2017-Sw1075523-43030,Steven Ward,"Sandisk Flash Drive, Usb",Canada,79.5,3.18
Ca-2017-Sw20245140-43019,Scot Wooten,Hon Comfortask Task/Swivel Chairs,Central Us,239.358,-47.8716
Ca-2017-Sz20035140-43044,Sam Zeldin,Alphabetical Labels For Top Tab Filing,Central Us,23.68,8.88
Ca-2017-Sz20035140-43065,Sam Zeldin,Office Impressions Heavy Duty Welded Shelving & Multimedia Storage Drawers,Central Us,501.81,0
Ca-2017-Tb1128023-42812,Toby Braunhardt,"Ames Manila Envelope, Security-Tint",Canada,27.09,10.83
Ca-2017-Tb1128023-42812,Toby Braunhardt,"Avery Legal Exhibit Labels, 5000 Label Set",Canada,23.46,10.74
Ca-2017-Tb1128023-42812,Toby Braunhardt,"Avery Legal Exhibit Labels, Adjustable",Canada,9.24,2.85
Ca-2017-Tb1128023-42812,Toby Braunhardt,"Eldon Lockers, Single Width",Canada,197.94,96.99
Ca-2017-Tb1128023-42812,Toby Braunhardt,"Tenex File Cart, Single Width",Canada,134.16,12.06
Ca-2017-Tb21355140-42954,Todd Boyes,14-7/8 X 11 Blue Bar Computer Printout Paper,Central Us,115.296,40.3536
Ca-2017-Tb21520140-42993,Tracy Blumstein,"Telephone Message Books With Fax/Mobile Section, 5 1/2"" X 3 3/16""",Central Us,19.05,8.763
Ca-2017-Tb21595140-42815,Troy Blackwell,"Ge General Purpose, Extra Long Life, Showcase & Floodlight Incandescent Bulbs",Central Us,2.91,1.3677
Ca-2017-Tc21295140-43054,Toby Carlisle,Wilson Jones Legal Size Ring Binders,Central Us,21.99,-32.985
Ca-2017-Td1099523-42920,Tamara Dahlen,"Smead Round Labels, Laser Printer Compatible",Canada,41.4,14.76
Ca-2017-Td20995140-42902,Tamara Dahlen,Newell 331,Central Us,19.56,1.7115
Ca-2017-Td20995140-43051,Tamara Dahlen,Deluxe Heavy-Duty Vinyl Round Ring Binder,Central Us,18.336,-32.088
Ca-2017-Td20995140-43051,Tamara Dahlen,Permanent Self-Adhesive File Folder Labels For Typewriters By Universal,Central Us,10.44,3.393
Ca-2017-Tg1164023-43070,Trudy Glocke,"Breville Toaster, Black",Canada,456.84,132.48
Ca-2017-Tg1164023-43070,Trudy Glocke,"Cisco Signal Booster, With Caller Id",Canada,303.66,75.9
Ca-2017-Tg1164023-43070,Trudy Glocke,"Deflect-O Clock, Durable",Canada,47.34,15.12
Ca-2017-Tg1164023-43070,Trudy Glocke,"Hon Swivel Stool, Black",Canada,322.44,90.24
Ca-2017-Tg1164023-43070,Trudy Glocke,"Okidata Card Printer, Durable",Canada,351.9,28.14
Ca-2017-Tg1164023-43070,Trudy Glocke,"Sandisk Keyboard, Erganomic",Canada,79.29,10.29
Ca-2017-Tg21640140-42986,Trudy Glocke,"Dataproducts Ampli Magnifier Task Lamp, Black,",Central Us,135.3,37.884
Ca-2017-Tg21640140-42986,Trudy Glocke,Maxell 4.7Gb Dvd-R,Central Us,113.52,46.5432
Ca-2017-Th1111523-42904,Thea Hudgings,"Deflect-O Door Stop, Black",Canada,43.95,1.74
Ca-2017-Th21235140-42895,Tiffany House,Acme Tagit Stainless Steel Antibacterial Scissors,Central Us,23.76,2.079
Ca-2017-Th21235140-42895,Tiffany House,Clearone Communications Chat 70 Oc Speaker Phone,Central Us,381.576,28.6182
Ca-2017-Th21235140-42895,Tiffany House,Staples,Central Us,85.056,28.7064
Ca-2017-Th21550140-42913,Tracy Hopkins,"Ampad Poly Cover Wirebound Steno Book, 6"" X 9"" Assorted Colors, Gregg Ruled",Central Us,4.54,2.043
Ca-2017-Th21550140-42913,Tracy Hopkins,Fluorescent Highlighters By Dixon,Central Us,15.92,5.4128
Ca-2017-Th21550140-42913,Tracy Hopkins,Nortel Networks T7316 E Nt8 B27,Central Us,543.92,135.98
Ca-2017-Tm21010140-42765,Tamara Manning,"Dax Value U-Channel Document Frames, Easel Back",Central Us,14.91,4.6221
Ca-2017-Tm21010140-42765,Tamara Manning,"Tenex Personal Project File With Scoop Front Design, Black",Central Us,13.48,3.5048
Ca-2017-Tm21010140-42765,Tamara Manning,Xerox 1887,Central Us,94.85,45.528
Ca-2017-Tm21010140-42765,Tamara Manning,Xerox 1997,Central Us,12.96,6.2208
Ca-2017-Tm21010140-42997,Tamara Manning,"Adams Telephone Message Book W/Frequently-Called Numbers Space, 400 Messages Per Book",Central Us,15.96,7.98
Ca-2017-Tm21490140-42825,Tony Molinari,Multimedia Mailers,Central Us,325.86,149.8956
Ca-2017-Tp21130140-43092,Theone Pippenger,Bevis 44 X 96 Conference Tables,Central Us,411.8,70.006
Ca-2017-Tp21130140-43092,Theone Pippenger,Hon Gueststacker Chair,Central Us,1586.69,412.5394
Ca-2017-Tp21130140-43092,Theone Pippenger,Logitech Gaming G510S - Keyboard,Central Us,84.99,30.5964
Ca-2017-Tp21130140-43092,Theone Pippenger,Microsoft Wireless Mobile Mouse 4000,Central Us,199.95,63.984
Ca-2017-Tp21415140-42776,Tom Prescott,Belkin F9S820V06 8 Outlet Surge,Central Us,12.992,-32.48
Ca-2017-Tp21415140-42776,Tom Prescott,Gbc Proclick 150 Presentation Binding System,Central Us,252.784,-417.0936
Ca-2017-Tp21415140-42776,Tom Prescott,Razer Kraken Pro Over Ear Pc And Music Headset,Central Us,127.984,15.998
Ca-2017-Tp21415140-42776,Tom Prescott,Stacking Trays By Oic,Central Us,3.984,-2.6892
Ca-2017-Ts21610140-42899,Troy Staebel,"Eldon Expressions Wood Desk Accessories, Oak",Central Us,8.856,-6.8634
Ca-2017-Ts21610140-43022,Troy Staebel,Dax Clear Box Frame,Central Us,10.476,-6.8094
Ca-2017-Ts21610140-43022,Troy Staebel,Gbc Velobinder Electric Binding Machine,Central Us,96.784,-145.176
Ca-2017-Ts21610140-43022,Troy Staebel,Staples,Central Us,63.312,20.5764
Ca-2017-Ts21655140-42738,Trudy Schmidt,"Bevis Oval Conference Table, Walnut",Central Us,913.43,-169.637
Ca-2017-Ts21655140-42738,Trudy Schmidt,"Dual Level, Single-Width Filing Carts",Central Us,372.144,27.9108
Ca-2017-Ts21655140-42738,Trudy Schmidt,Hoover Commercial Steamvac,Central Us,5.432,-13.58
Ca-2017-Ts21655140-42738,Trudy Schmidt,Newell 319,Central Us,31.744,3.968
Ca-2017-Tt21220140-42813,Thomas Thornton,Pyle Pmp37Led,Central Us,537.544,47.0351
Ca-2017-Tt21460140-43066,Tonja Turnell,Dax Wood Document Frame,Central Us,27.46,9.8856
Ca-2017-Tt21460140-43066,Tonja Turnell,Innergie Mmini Combo Duo Usb Travel Charging Kit,Central Us,89.98,43.1904
Ca-2017-Tt21460140-43066,Tonja Turnell,Ki Adjustable-Height Table,Central Us,257.94,67.0644
Ca-2017-Tt21460140-43066,Tonja Turnell,Safco Arco Folding Chair,Central Us,828.6,240.294
Ca-2017-Tt21460140-43066,Tonja Turnell,Samsung Galaxy S4 Mini,Central Us,1879.96,545.1884
Ca-2017-Vf21715140-43087,Vicky Freymann,"Wirebound Message Books, 2 7/8"" X 5"", 3 Forms Per Page",Central Us,28.16,13.2352
Ca-2017-Vm1183523-43092,Vivian Mathis,"Avery Index Tab, Durable",Canada,6.69,1.71
Ca-2017-Vm1183523-43092,Vivian Mathis,"Bic Canvas, Easy-Erase",Canada,53.97,18.33
Ca-2017-Vm21685140-42933,Valerie Mitchum,"Crayola Anti Dust Chalk, 12/Pack",Central Us,2.912,0.91
Ca-2017-Wb21850140-43051,William Brown,"Vinyl Coated Wire Paper Clips In Organizer Box, 800/Box",Central Us,45.92,21.5824
Ca-2017-Yc1189523-43001,Yoseph Carroll,"Acco Hole Reinforcements, Clear",Canada,12.24,0.48
Ca-2017-Yc1189523-43001,Yoseph Carroll,"Hon Chairmat, Adjustable",Canada,58.02,13.92
Ca-2017-Yc21895140-43096,Yoseph Carroll,Tennsco Single-Tier Lockers,Central Us,750.68,37.534
Us-2014-Ab10165140-41958,Alan Barnes,Safco Optional Arm Kit For Workspace Cribbage Stacking Chair,Central Us,37.296,-1.0656
Us-2014-Ad10180140-41998,Alan Dominguez,Global Deluxe High-Back Manager'S Chair,Central Us,600.558,-8.5794
Us-2014-Aw10930140-41833,Arthur Wiediger,Acco D-Ring Binder W/Dubllock,Central Us,29.932,-46.3946
Us-2014-Aw10930140-41833,Arthur Wiediger,I Need'S 3D Hello Kitty Hybrid Silicone Case Cover For Htc One X 4G With 3D Hello Kitty Stylus Pen Green/Pink,Central Us,38.272,3.8272
Us-2014-Bd11500140-41925,Bradley Drucker,"Pressboard Covers With Storage Hooks, 9 1/2"" X 11"", Light Blue",Central Us,2.946,-4.8609
Us-2014-Bd11500140-41925,Bradley Drucker,Xerox 1903,Central Us,19.136,6.9368
Us-2014-Bd11500140-41925,Bradley Drucker,Xerox 1951,Central Us,322.192,100.685
Us-2014-Bh11710140-41953,Brosina Hoffman,Dax Wood Document Frame.,Central Us,10.984,-7.9634
Us-2014-Bh11710140-41953,Brosina Hoffman,Global Commerce Series High-Back Swivel/Tilt Chairs,Central Us,797.944,-56.996
Us-2014-Bk11260140-41978,Berenike Kampe,Bionaire 99.97% Hepa Air Cleaner,Central Us,14.016,-31.536
Us-2014-Bk11260140-41978,Berenike Kampe,Ibico Covers For Plastic Or Wire Binding Elements,Central Us,4.6,-8.05
Us-2014-Bk11260140-41978,Berenike Kampe,Ki Adjustable-Height Table,Central Us,214.95,-120.372
Us-2014-Bk11260140-41978,Berenike Kampe,Nu-Dell Float Frame 11 X 14 1/2,Central Us,10.776,-4.8492
Us-2014-Bk11260140-41978,Berenike Kampe,Rogers Deluxe File Chest,Central Us,35.168,-8.3524
Us-2014-Bk11260140-41978,Berenike Kampe,Shocksock Galaxy S4 Armband,Central Us,35.04,-7.008
Us-2014-Bp11050140-41923,Barry Pond,"Acme Hot Forged Carbon Steel Scissors With Nickel-Plated Handles, 3 7/8"" Cut, 8""L",Central Us,22.24,2.502
Us-2014-Bp11095140-41796,Bart Pistole,Wilson Jones Century Plastic Molded Ring Binders,Central Us,12.462,-20.5623
Us-2014-Bs11380140-41971,Bill Stewart,Staples,Central Us,12.624,3.945
Us-2014-Ca12265140-41998,Christina Anderson,"Cardinal Slant-D Ring Binder, Heavy Gauge Vinyl",Central Us,8.69,-14.773
Us-2014-Cl11890140-41845,Carl Ludwig,"Belkin 19"" Vented Equipment Shelf, Black",Central Us,123.552,-29.3436
Us-2014-Co12640140-41809,Corey-Lock,Honeywell Quietcare Hepa Air Cleaner,Central Us,471.9,155.727
Us-2014-Co12640140-41809,Corey-Lock,Nontoxic Chalk,Central Us,3.52,1.6896
Us-2014-Cr12625140-41873,Corey Roper,Xerox 1993,Central Us,19.44,9.5256
Us-2014-Cv12295140-41725,Christina Vanderzanden,Hon 94000 Series Round Tables,Central Us,1184.72,106.6248
Us-2014-Cv12295140-41725,Christina Vanderzanden,Poly String Tie Envelopes,Central Us,6.12,2.8764
Us-2014-Cy12745140-41984,Craig Yedwab,Gbc Docubind 300 Electric Binding Machine,Central Us,210.392,-336.6272
Us-2014-Da13450140-41753,Dianna Arnett,12 Colored Short Pencils,Central Us,6.24,0.546
Us-2014-Da13450140-41753,Dianna Arnett,Xerox 1985,Central Us,10.368,3.6288
Us-2014-Db12970140-41954,Darren Budd,Acco Side-Punched Conventional Columnar Pads,Central Us,16.656,-3.123
Us-2014-Db12970140-41954,Darren Budd,Avery Fluorescent Highlighter Four-Color Set,Central Us,2.672,0.334
Us-2014-Db12970140-41954,Darren Budd,Bestar Classic Bookcase,Central Us,67.9932,-12.9987
Us-2014-Db12970140-41954,Darren Budd,Imation 16Gb Mini Traveldrive Usb 2.0 Flash Drive,Central Us,79.512,20.8719
Us-2014-Db12970140-41954,Darren Budd,Xerox 216,Central Us,36.288,12.7008
Us-2014-Dc12850140-41824,Dan Campbell,Fellowes Bankers Box Stor/Drawer Steel Plus,Central Us,281.424,-35.178
Us-2014-Dc12850140-41824,Dan Campbell,"Gould Plastics 18-Pocket Panel Bin, 34W X 5-1/4D X 20-1/2H",Central Us,220.776,-44.1552
Us-2014-Dd13570140-41728,Dorothy Dickinson,Fellowes Black Plastic Comb Bindings,Central Us,8.134,-13.8278
Us-2014-Dd13570140-41728,Dorothy Dickinson,Kensington Slimblade Notebook Wireless Mouse With Nano Receiver,Central Us,79.984,13.9972
Us-2014-Dk12835140-41965,Damala Kotsonis,Office Star Flex Back Scooter Chair With White Frame,Central Us,155.372,-35.5136
Us-2014-Eb13840140-41985,Ellis Ballard,Howard Miller 12-3/4 Diameter Accuwave Ds  Wall Clock,Central Us,94.428,-42.4926
Us-2014-Hg14965140-41907,Henry Goldwyn,Acco 3-Hole Punch,Central Us,0.876,-1.4016
Us-2014-Jb15400140-41895,Jennifer Braxton,Avery 51,Central Us,20.16,6.552
Us-2014-Jb15400140-41895,Jennifer Braxton,Kensington 7 Outlet Masterpiece Homeoffice Power Control Center,Central Us,52.448,-131.12
Us-2014-Je15745140-41968,Joel Eaton,"Eldon Expressions Desk Accessory, Wood Pencil Holder, Oak",Central Us,19.3,-14.475
Us-2014-Jf15415140-41872,Jennifer Ferguson,Xerox 1899,Central Us,11.56,5.6644
Us-2014-Jh15820140-41777,John Huston,Avery Heavy-Duty Ezd View Binder With Locking Rings,Central Us,57.42,26.4132
Us-2014-Jk15325140-41963,Jason Klamczynski,Poly String Tie Envelopes,Central Us,1.632,0.5508
Us-2014-Jk15325140-41963,Jason Klamczynski,Rca Visys Integrated Pbx 8-Line Router,Central Us,267.96,16.7475
Us-2014-Jl15235140-41783,Janet Lee,"Electrix Incandescent Magnifying Lamp, Black",Central Us,29.32,-24.189
Us-2014-Jl15235140-41783,Janet Lee,Harmony Air Purifier,Central Us,75.6,-166.32
Us-2014-Jl15850140-41841,John Lucas,Fellowes Bases And Tops For Staxonsteel/High-Stak Systems,Central Us,26.632,1.3316
Us-2014-Js15940140-41902,Joni Sundaresam,Dana Swing-Arm Lamps,Central Us,8.544,-7.476
Us-2014-Kl16555140-41804,Kelly Lampkin,Avery Premier Heavy-Duty Binder With Round Locking Rings,Central Us,8.568,-14.5656
Us-2014-Kl16555140-41804,Kelly Lampkin,Global Commerce Series High-Back Swivel/Tilt Chairs,Central Us,797.944,-56.996
Us-2014-Kl16555140-41804,Kelly Lampkin,"Lesro Sheffield Collection Coffee Table, End Table, Center Table, Corner Table",Central Us,99.918,-18.5562
Us-2014-Le16810140-41785,Laurel Elliston,Fellowes Presentation Covers For Comb Binding Machines,Central Us,17.46,-30.555
Us-2014-Lh17020140-41889,Lisa Hazard,Gbc Proclick Punch Binding System,Central Us,51.184,-79.3352
Us-2014-Mc17605140-41973,Matt Connell,Hon 4070 Series Pagoda Round Back Stacking Chairs,Central Us,674.058,-19.2588
Us-2014-Mc17635140-41970,Matthew Clasen,Laser & Ink Jet Business Envelopes,Central Us,64.02,29.4492
Us-2014-Md17860140-41974,Michael Dominguez,12-1/2 Diameter Round Wall Clock,Central Us,39.96,-23.976
Us-2014-Md17860140-41974,Michael Dominguez,"Deflect-O Supertray Unbreakable Stackable Tray, Letter, Black",Central Us,58.36,-24.803
Us-2014-Md17860140-41974,Michael Dominguez,Newell 343,Central Us,16.464,1.4406
Us-2014-Mr17545140-41884,Mathew Reese,Gbc Velobinder Strips,Central Us,7.68,-11.52
Us-2014-Mt18070140-41906,Michelle Tran,Avery Self-Adhesive Photo Pockets For Polaroid Photos,Central Us,2.724,-4.3584
Us-2014-Mt18070140-41906,Michelle Tran,O'Sullivan Living Dimensions 5-Shelf Bookcases,Central Us,300.5328,-97.2312
Us-2014-Mt18070140-41906,Michelle Tran,Poly String Tie Envelopes,Central Us,3.264,1.1016
Us-2014-Mt18070140-41906,Michelle Tran,Xerox 1954,Central Us,33.792,10.56
Us-2014-Nc18340140-41727,Nat Carroll,Space Solutions Commercial Steel Shelving,Central Us,129.3,6.465
Us-2014-Nz18565140-41852,Nick Zandusky,Memorex Micro Travel Drive 4 Gb,Central Us,21.2,9.116
Us-2014-Nz18565140-41852,Nick Zandusky,Smead Adjustable Mobile File Trolley With Lockable Top,Central Us,838.38,226.3626
Us-2014-Nz18565140-41852,Nick Zandusky,Wilson Jones 14 Line Acrylic Coated Pressboard Data Binders,Central Us,26.7,12.549
Us-2014-Pf19165140-41901,Philip Fox,Bevis 44 X 96 Conference Tables,Central Us,617.7,-407.682
Us-2014-Pt19090140-41893,Pete Takahito,Wilson Jones Impact Binders,Central Us,5.18,-8.029
Us-2014-Qj19255140-41790,Quincy Jones,Acco 6 Outlet Guardian Premium Surge Suppressor,Central Us,65.52,12.376
Us-2014-Qj19255140-41790,Quincy Jones,Wilson Jones Heavy-Duty Casebound Ring Binders With Metal Hinges,Central Us,138.56,66.5088
Us-2014-Sb20170140-41795,Sarah Bern,"#10- 4 1/8"" X 9 1/2"" Recycled Envelopes",Central Us,13.984,4.7196
Us-2014-Sb20170140-41795,Sarah Bern,"Avery Trapezoid Ring Binder, 3"" Capacity, Black, 1040 Sheets",Central Us,24.588,-38.1114
Us-2014-Sb20290140-41900,Sean Braxton,Lexmark Mx611Dhe Monochrome Laser Printer,Central Us,3059.982,-509.997
Us-2014-Sb20290140-41900,Sean Braxton,Xerox Workcentre 6505Dn Laser Multifunction Printer,Central Us,2519.958,-251.9958
Us-2014-Sc20020140-41730,Sam Craven,Xerox 1898,Central Us,26.72,9.352
Us-2014-Sc20020140-41730,Sam Craven,Xerox 1947,Central Us,33.488,10.465
Us-2014-Sc20260140-41895,Scott Cohen,Revere Boxed Rubber Bands By Revere,Central Us,6.048,-1.3608
Us-2014-Sc20260140-41895,Scott Cohen,Stacking Trays By Oic,Central Us,9.96,-6.723
Us-2014-Sc20260140-41895,Scott Cohen,Trimflex Flexible Post Binders,Central Us,8.552,-13.6832
Us-2014-Sc20260140-41895,Scott Cohen,Xerox 1900,Central Us,6.848,2.14
Us-2014-Sp20650140-41945,Stephanie Phelps,Belkin F8E887 Usb Wired Ergonomic Keyboard,Central Us,89.97,18.8937
Us-2014-Sr20740140-41958,Steven Roelle,"#10 White Business Envelopes,4 1/8 X 9 1/2",Central Us,78.35,36.8245
Us-2014-Sr20740140-41958,Steven Roelle,"File Shuttle Ii And Handi-File, Black",Central Us,169.45,42.3625
Us-2014-Sr20740140-41958,Steven Roelle,Wilson Jones Active Use Binders,Central Us,29.12,14.2688
Us-2014-Sr20740140-41958,Steven Roelle,Xerox 1954,Central Us,31.68,14.256
Us-2014-Sv20785140-41740,Stewart Visinsky,Xerox 213,Central Us,32.4,15.552
Us-2014-Sw20275140-41707,Scott Williamson,"Geographics Note Cards, Blank, White, 8 1/2"" X 11""",Central Us,22.38,10.7424
Us-2014-Ta21385140-41893,Tom Ashbrook,Compact Automatic Electric Letter Opener,Central Us,357.93,7.1586
Us-2014-Ta21385140-41893,Tom Ashbrook,Gbc Docubind P100 Manual Binding Machine,Central Us,331.96,149.382
Us-2014-Ta21385140-41893,Tom Ashbrook,Sandisk Cruzer 16 Gb Usb Flash Drive,Central Us,57.4,10.906
Us-2014-Ta21385140-41893,Tom Ashbrook,"Seth Thomas 8 1/2"" Cubicle Clock",Central Us,40.56,12.9792
Us-2014-Tb21595140-41689,Troy Blackwell,"Dax Copper Panel Document Frame, 5 X 7 Size",Central Us,25.16,-11.322
Us-2014-Tc21475140-41964,Tony Chapman,"Avery Framed View Binder, Ezd Ring (Locking), Navy, 1 1/2""",Central Us,9.98,-16.467
Us-2014-Vm21835140-41719,Vivian Mathis,"Avery Hi-Liter Everbold Pen Style Fluorescent Highlighters, 4/Pack",Central Us,16.28,6.512
Us-2015-Aj10945140-42156,Ashley Jarboe,Avery 491,Central Us,28.91,13.2986
Us-2015-Aj10945140-42156,Ashley Jarboe,Catalog Binders With Expanding Posts,Central Us,403.68,181.656
Us-2015-Aj10945140-42156,Ashley Jarboe,"Ikross Bluetooth Portable Keyboard + Cell Phone Stand Holder + Brush For Apple Iphone 5S 5C 5, 4S 4",Central Us,41.9,11.732
Us-2015-Aj10945140-42156,Ashley Jarboe,Polycom Cx300 Desktop Phone Usb Voip Phone,Central Us,299.98,83.9944
Us-2015-Ap10720140-42330,Anne Pryor,Sandisk Cruzer 8 Gb Usb Flash Drive,Central Us,27.168,-1.3584
Us-2015-Bh11710140-42042,Brosina Hoffman,"Advantus Push Pins, Aluminum Head",Central Us,5.81,1.8011
Us-2015-Bh11710140-42042,Brosina Hoffman,"Sanford Colorific Colored Pencils, 12/Box",Central Us,5.76,1.728
Us-2015-Bh11710140-42042,Brosina Hoffman,"Wirebound Message Books, Four 2 3/4 X 5 Forms Per Page, 200 Sets Per Book",Central Us,9.54,4.293
Us-2015-Cg12520140-42292,Claire Gute,"C-Line Cubicle Keepers Polyproplyene Holder W/Velcro Back, 8-1/2X11, 25/Bx",Central Us,131.376,-95.2476
Us-2015-Cg12520140-42292,Claire Gute,Xerox 1986,Central Us,5.344,1.8704
Us-2015-Cs12130140-42358,Chad Sievert,Fellowes Super Stor/Drawer,Central Us,88.8,-2.22
Us-2015-Db13270140-42338,Deborah Brumfield,Gbc Instant Report Kit,Central Us,3.882,-5.823
Us-2015-Dr12880140-42336,Dan Reichenbach,"Belkin 19"" Vented Equipment Shelf, Black",Central Us,82.368,-19.5624
Us-2015-Dr12880140-42336,Dan Reichenbach,Eldon 100 Class Desk Accessories,Central Us,12.132,-8.4924
Us-2015-Dr12880140-42336,Dan Reichenbach,Logitech Mobile Speakerphone P710E - Speaker Phone,Central Us,647.904,56.6916
Us-2015-Dr12880140-42336,Dan Reichenbach,"Tenex Personal Project File With Scoop Front Design, Black",Central Us,53.92,4.044
Us-2015-Dr12940140-42365,Daniel Raglin,Sterilite Show Offs Storage Containers,Central Us,12.672,-3.168
Us-2015-Fp14320140-42107,Frank Preis,Apple Iphone 5C,Central Us,239.976,17.9982
Us-2015-Fp14320140-42107,Frank Preis,"Chromcraft Bull-Nose Wood Round Conference Table Top, Wood Base",Central Us,609.98,-113.282
Us-2015-Fp14320140-42107,Frank Preis,"Iceberg Officeworks 42"" Round Tables",Central Us,211.372,-45.294
Us-2015-Ga14725140-42292,Guy Armstrong,"Dax Cubicle Frames, 8-1/2 X 11",Central Us,17.14,6.1704
Us-2015-Gh14410140-42215,Gary Hansen,"Global Stack Chair Without Arms, Black",Central Us,155.88,38.97
Us-2015-Hm14860140-42362,Harry Marie,Canon Pc1060 Personal Laser Copier,Central Us,4899.93,2302.9671
Us-2015-Hm14860140-42362,Harry Marie,"Eldon Regeneration Recycled Desk Accessories, Black",Central Us,9.68,3.7752
Us-2015-Hp14815140-42330,Harold Pawlan,"Holmes Replacement Filter For Hepa Air Cleaner, Very Large Room, Hepa Filter",Central Us,68.81,-123.858
Us-2015-Hp14815140-42330,Harold Pawlan,Storex Duratech Recycled Plastic Frosted Binders,Central Us,2.544,-3.816
Us-2015-Jb15925140-42350,Joni Blumstein,Amazonbasics 3-Button Usb Wired Mouse,Central Us,22.368,6.4308
Us-2015-Jd16060140-42086,Julia Dunbar,Global Deluxe Steno Chair,Central Us,107.772,-29.2524
Us-2015-Je15745140-42145,Joel Eaton,Fellowes Basic Home/Office Series Surge Protectors,Central Us,20.768,-52.9584
Us-2015-Jf15565140-42043,Jill Fjeld,Logitech Wireless Headset H800,Central Us,479.952,89.991
Us-2015-Jl15835140-42355,John Lee,Gbc Plastic Binding Combs,Central Us,29.52,14.4648
Us-2015-Jl15835140-42355,John Lee,"Global Value Steno Chair, Gray",Central Us,546.66,136.665
Us-2015-Jl15835140-42355,John Lee,Harbour Creations 67200 Series Stacking Chairs,Central Us,142.36,38.4372
Us-2015-Jl15835140-42355,John Lee,Hon Valutask Swivel Chairs,Central Us,302.94,48.4704
Us-2015-Jl15835140-42355,John Lee,"Tenex Carpeted, Granite-Look Or Clear Contemporary Contour Shape Chair Mats",Central Us,212.13,14.8491
Us-2015-Js15940140-42020,Joni Sundaresam,Eldon Clustermat Chair Mat With Cordless Antistatic Protection,Central Us,254.744,-312.0614
Us-2015-Kd16345140-42358,Katherine Ducich,Apple Iphone 5C,Central Us,159.984,11.9988
Us-2015-Kd16345140-42358,Katherine Ducich,Logitech G600 Mmo Gaming Mouse,Central Us,255.968,51.1936
Us-2015-Kd16345140-42358,Katherine Ducich,"Sauder Facets Collection Library, Sky Alder Finish",Central Us,359.058,-71.8116
Us-2015-Ke16420140-42156,Katrina Edelman,Avery Poly Binder Pockets,Central Us,5.728,-9.1648
Us-2015-Ke16420140-42156,Katrina Edelman,Xerox 1928,Central Us,42.24,13.2
Us-2015-Kw16435140-42344,Katrina Willman,Avery Reinforcements For Hole-Punch Pages,Central Us,2.772,-4.851
Us-2015-Kw16570140-42223,Kelly Williams,"Tenex V2T-Re Standard Weight Series Chair Mat, 45"" X 53"", Lip 25"" X 12""",Central Us,212.94,34.0704
Us-2015-Kw16570140-42223,Kelly Williams,"Wilson Jones Hanging View Binder, White, 1""",Central Us,28.4,13.064
Us-2015-Ls16975140-42292,Lindsay Shagiari,Avery Reinforcements For Hole-Punch Pages,Central Us,3.96,-6.93
Us-2015-Ls16975140-42292,Lindsay Shagiari,Staples,Central Us,4.464,1.674
Us-2015-Lt17110140-42299,Liz Thompson,Gbc Instant Report Kit,Central Us,5.176,-7.764
Us-2015-Mc18100140-42355,Mick Crebagga,"Howard Miller 11-1/2"" Diameter Ridgewood Wall Clock",Central Us,41.552,-19.7372
Us-2015-Mc18100140-42355,Mick Crebagga,Newell 35,Central Us,13.12,1.476
Us-2015-Mc18100140-42355,Mick Crebagga,Tennsco Double-Tier Lockers,Central Us,180.016,-15.7514
Us-2015-Mo17950140-42096,Michael Oakman,Anker Ultra-Slim Mini Bluetooth 3.0 Wireless Keyboard,Central Us,47.976,1.7991
Us-2015-Mo17950140-42096,Michael Oakman,Apc 7 Outlet Network Surgearrest Surge Protector,Central Us,32.192,-80.48
Us-2015-Mo17950140-42096,Michael Oakman,Kingston Digital Datatraveler 16Gb Usb 2.0,Central Us,50.12,-0.6265
Us-2015-Mp17965140-42112,Michael Paige,"Boston School Pro Electric Pencil Sharpener, 1670",Central Us,74.352,6.5058
Us-2015-Mp17965140-42112,Michael Paige,Gbc Plastic Binding Combs,Central Us,1.476,-2.2878
Us-2015-Mp17965140-42112,Michael Paige,"Gbc Standard Recycled Report Covers, Clear Plastic Sheets",Central Us,4.312,-6.8992
Us-2015-Mp17965140-42112,Michael Paige,"Global Geo Office Task Chair, Gray",Central Us,56.686,-20.245
Us-2015-Mp17965140-42112,Michael Paige,Grandstream Gxp2100 Mainstream Business Phone,Central Us,244.768,24.4768
Us-2015-Mp17965140-42112,Michael Paige,Lunatik Tt5L-002 Taktik Strike Impact Protection System For Iphone 5,Central Us,97.968,6.123
Us-2015-Mp17965140-42112,Michael Paige,Newell 348,Central Us,7.872,0.8856
Us-2015-Mp17965140-42112,Michael Paige,"Trendnet 56K Usb 2.0 Phone, Internet And Fax Modem",Central Us,41.424,8.2848
Us-2015-Mp17965140-42112,Michael Paige,Xerox 1994,Central Us,15.552,5.4432
Us-2015-Nf18475140-42184,Neil Französisch,Cisco 8X8 Inc. 6753I Ip Business Phone System,Central Us,269.98,72.8946
Us-2015-Nm18445140-42149,Nathan Mautz,Gbc Docubind P50 Personal Binding Machine,Central Us,127.96,60.1412
Us-2015-Nm18445140-42149,Nathan Mautz,Sanford Major Accent Highlighters,Central Us,21.24,8.0712
Us-2015-Nm18520140-42274,Neoma Murray,"Dax Metal Frame, Desktop, Stepped-Edge",Central Us,24.288,-12.7512
Us-2015-Nm18520140-42274,Neoma Murray,Vinyl Sectional Post Binders,Central Us,15.08,-22.62
Us-2015-Nm18520140-42339,Neoma Murray,"Eldon Image Series Desk Accessories, Burgundy",Central Us,6.688,-4.0128
Us-2015-On18715140-42141,Odella Nelson,Gbc Twin Loop Wire Binding Elements,Central Us,33.28,-49.92
Us-2015-On18715140-42141,Odella Nelson,Things To Do Today Pad,Central Us,14.088,4.9308
Us-2015-Pg18820140-42113,Patrick Gardner,Fellowes Pb300 Plastic Comb Binding Machine,Central Us,310.392,-512.1468
Us-2015-Pg18820140-42113,Patrick Gardner,"Fellowes Premier Superior Surge Suppressor, 10-Outlet, With Phone And Remote",Central Us,19.568,-52.8336
Us-2015-Pr18880140-42357,Patrick Ryan,Samsung Rugby Iii,Central Us,158.376,13.8579
Us-2015-Ps18970140-42124,Paul Stevenson,"Global Value Mid-Back Manager'S Chair, Gray",Central Us,213.115,-15.2225
Us-2015-Pw19240140-42120,Pierre Wener,Hon 4070 Series Pagoda Armless Upholstered Stacking Chairs,Central Us,408.422,-5.8346
Us-2015-Ra19915140-42205,Russell Applegate,"Atlantic Metals Mobile 3-Shelf Bookcases, Custom Colors",Central Us,913.43,-52.196
Us-2015-Ra19915140-42205,Russell Applegate,Avery Durable Binders,Central Us,2.88,-4.464
Us-2015-Ra19915140-42205,Russell Applegate,O'Sullivan Cherrywood Estates Traditional Barrister Bookcase,Central Us,384.944,-126.4816
Us-2015-Ra19915140-42205,Russell Applegate,Pyle Pmp37Led,Central Us,153.584,13.4386
Us-2015-Rd19585140-42316,Rob Dowd,Cisco Spa508G,Central Us,263.96,76.5484
Us-2015-Sc20680140-42271,Steve Carroll,At&T 1080 Phone,Central Us,821.94,213.7044
Us-2015-Sc20725140-42273,Steven Cartwright,Bose Soundlink Bluetooth Speaker,Central Us,1114.4,376.11
Us-2015-Sc20725140-42273,Steven Cartwright,Round Ring Binders,Central Us,2.08,-3.432
Us-2015-Sl20155140-42198,Sara Luxemburg,Wilson Jones Heavy-Duty Casebound Ring Binders With Metal Hinges,Central Us,41.568,-66.5088
Us-2015-Ts21370140-42244,Todd Sumrall,Canon Imageclass D680 Copier / Fax,Central Us,2799.96,874.9875
Us-2015-Vs21820140-42148,Vivek Sundaresam,Avery Heavy-Duty Ezd View Binder With Locking Rings,Central Us,7.656,-13.0152
Us-2015-Vs21820140-42148,Vivek Sundaresam,"Global High-Back Leather Tilter, Burgundy",Central Us,602.651,-163.5767
Us-2016-Ab10255140-42548,Alejandro Ballentine,Memorex Mini Travel Drive 4 Gb Usb 2.0 Flash Drive,Central Us,13.616,3.5742
Us-2016-Ar10825140-42619,Anthony Rawles,"Situations Contoured Folding Chairs, 4/Set",Central Us,347.802,-24.843
Us-2016-As10285140-42686,Alejandro Savely,Balt Solid Wood Round Tables,Central Us,2678.94,241.1046
Us-2016-Be11455140-42497,Brad Eason,Belkin 5 Outlet Surgemaster Power Centers,Central Us,54.48,15.2544
Us-2016-Bf11005140-42580,Barry Franz,"Eldon Image Series Desk Accessories, Ebony",Central Us,24.7,-9.88
Us-2016-Bf11005140-42580,Barry Franz,"Tenex Chairmat W/ Average Lip, 45"" X 53""",Central Us,302.72,-378.4
Us-2016-Bf11170140-42491,Ben Ferrer,Flat Face Poster Frame,Central Us,22.608,-10.1736
Us-2016-Bg11695140-42732,Brooke Gillingham,"Global Manager'S Adjustable Task Chair, Storm",Central Us,845.488,-12.0784
Us-2016-Bt11440140-42540,Bobby Trafton,Xerox 1937,Central Us,76.864,26.9024
Us-2016-Bw11110140-42652,Bart Watters,Contemporary Wood/Metal Frame,Central Us,51.712,-32.32
Us-2016-Ca12310140-42372,Christine Abelman,At&T 17929 Lendline Telephone,Central Us,180.96,13.572
Us-2016-Ca12310140-42372,Christine Abelman,Imation Clip Usb Flash Drive - 8 Gb,Central Us,30.08,-5.264
Us-2016-Ca12310140-42372,Christine Abelman,Wd My Passport Ultra 1Tb Portable External Hard Drive,Central Us,165.6,-6.21
Us-2016-Cc12670140-42721,Craig Carreira,Cardinal Hold-It Cd Pocket,Central Us,4.788,-7.9002
Us-2016-Ct11995140-42596,Carol Triggs,3.6 Cubic Foot Counter Height Office Refrigerator,Central Us,58.924,-153.2024
Us-2016-Ct11995140-42596,Carol Triggs,Premier Electric Letter Opener,Central Us,185.376,-34.758
Us-2016-Cv12805140-42500,Cynthia Voltz,Euro Pro Shark Stick Mini Vacuum,Central Us,48.784,-131.7168
Us-2016-Cv12805140-42500,Cynthia Voltz,Gbc Velobind Cover Sets,Central Us,18.528,-27.792
Us-2016-Cv12805140-42500,Cynthia Voltz,"Hot File 7-Pocket, Floor Stand",Central Us,856.656,107.082
Us-2016-Cv12805140-42500,Cynthia Voltz,Ibico Standard Transparent Covers,Central Us,13.184,-20.4352
Us-2016-Cv12805140-42500,Cynthia Voltz,Xerox 1911,Central Us,76.64,26.824
Us-2016-Dd13570140-42605,Dorothy Dickinson,"Gbc Standard Recycled Report Covers, Clear Plastic Sheets",Central Us,4.312,-6.8992
Us-2016-Dk13375140-42574,Dennis Kane,Avery Hi-Liter Smear-Safe Highlighters,Central Us,29.2,10.512
Us-2016-Dk13375140-42574,Dennis Kane,Fellowes Staxonsteel Drawer Files,Central Us,965.85,135.219
Us-2016-Dk13375140-42574,Dennis Kane,Plantronics Audio 995 Wireless Stereo Headset,Central Us,109.95,36.2835
Us-2016-Dk13375140-42574,Dennis Kane,Xerox 192,Central Us,32.4,15.552
Us-2016-Dw13195140-42695,David Wiener,Eldon Wave Desk Accessories,Central Us,7.068,-2.8272
Us-2016-Dw13195140-42695,David Wiener,"Global Wood Trimmed Manager'S Task Chair, Khaki",Central Us,318.43,-77.333
Us-2016-Dw13195140-42695,David Wiener,Samsung Hm1900 Bluetooth Headset,Central Us,122.92,46.095
Us-2016-Eb13705140-42437,Ed Braxton,Belkin Grip Candy Sheer Case / Cover For Iphone 5 And 5S,Central Us,21.072,1.5804
Us-2016-Eh13945140-42694,Eric Hoffmann,Avery Hidden Tab Dividers For Binding Systems,Central Us,1.192,-2.0264
Us-2016-Eh13945140-42694,Eric Hoffmann,"Gbc Standard Recycled Report Covers, Clear Plastic Sheets",Central Us,10.78,-17.248
Us-2016-Eh13945140-42694,Eric Hoffmann,"Ge General Purpose, Extra Long Life, Showcase & Floodlight Incandescent Bulbs",Central Us,2.328,-0.7566
Us-2016-Eh13945140-42694,Eric Hoffmann,Invisibleshield By Zagg Smudge-Free Screen Protector,Central Us,71.96,25.186
Us-2016-Eh13945140-42694,Eric Hoffmann,"Recycled Interoffice Envelopes With Re-Use-A-Seal Closure, 10 X 13",Central Us,40.968,13.8267
Us-2016-Eh13945140-42694,Eric Hoffmann,Staples,Central Us,58.368,21.888
Us-2016-Eh13945140-42694,Eric Hoffmann,"Tennsco Lockers, Gray",Central Us,100.704,-16.3644
Us-2016-Eh13945140-42694,Eric Hoffmann,Xerox 1905,Central Us,10.368,3.6288
Us-2016-Eh14125140-42633,Eugene Hildebrand,Avery Binding System Hidden Tab Executive Style Index Sets,Central Us,2.308,-3.462
Us-2016-Eh14125140-42633,Eugene Hildebrand,Global Troy Executive Leather Low-Back Tilter,Central Us,701.372,-50.098
Us-2016-Ep13915140-42680,Emily Phan,Laminate Occasional Tables,Central Us,863.128,-160.2952
Us-2016-Ep13915140-42680,Emily Phan,Logitech Wireless Headset H600 Over-The-Head Design,Central Us,171.96,45.1395
Us-2016-Ep13915140-42680,Emily Phan,O'Sullivan Plantations 2-Door Library In Landvery Oak,Central Us,956.6648,-225.0976
Us-2016-Ep13915140-42680,Emily Phan,Premium Transparent Presentation Covers By Gbc,Central Us,12.588,-20.1408
Us-2016-Ep13915140-42680,Emily Phan,Storex Dura Pro Binders,Central Us,3.564,-6.237
Us-2016-Hm14860140-42641,Harry Marie,O'Sullivan Plantations 2-Door Library In Landvery Oak,Central Us,956.6648,-225.0976
Us-2016-Je15475140-42697,Jeremy Ellison,Accohide Poly Flexible Ring Binders,Central Us,4.488,-6.732
Us-2016-Je15475140-42697,Jeremy Ellison,Avery 494,Central Us,2.088,0.6786
Us-2016-Je15475140-42697,Jeremy Ellison,Keytronic Kt800P2 - Keyboard - Black,Central Us,24.032,-0.6008
Us-2016-Je15475140-42697,Jeremy Ellison,Newell 348,Central Us,23.616,2.6568
Us-2016-Je15475140-42697,Jeremy Ellison,Wilson Jones Impact Binders,Central Us,6.216,-9.6348
Us-2016-Jh15910140-42650,Jonathan Howell,Avery Binding System Hidden Tab Executive Style Index Sets,Central Us,28.85,14.425
Us-2016-Jk16120140-42617,Julie Kriz,"Tenex ""The Solids"" Textured Chair Mats",Central Us,83.952,-90.2484
Us-2016-Jo15145140-42377,Jack O'Briant,"Atlantic Metals Mobile 3-Shelf Bookcases, Custom Colors",Central Us,1565.88,407.1288
Us-2016-Jo15145140-42377,Jack O'Briant,Plastic Binding Combs,Central Us,106.05,49.8435
Us-2016-Kt16465140-42451,Kean Takahito,Avery Durable Slant Ring Binders,Central Us,3.168,-4.752
Us-2016-Kt16465140-42451,Kean Takahito,"Global Airflow Leather Mesh Back Chair, Black",Central Us,528.43,0
Us-2016-Kt16465140-42451,Kean Takahito,Newell 33,Central Us,13.392,1.5066
Us-2016-Lb16795140-42688,Laurel Beltran,Xtralife Clearvue Slant-D Ring Binders By Cardinal,Central Us,3.136,-4.704
Us-2016-Lh17155140-42562,Logan Haushalter,Boston Heavy-Duty Trimline Electric Pencil Sharpeners,Central Us,154.24,17.352
Us-2016-Lh17155140-42562,Logan Haushalter,"Fellowes Strictly Business Drawer File, Letter/Legal Size",Central Us,338.04,-33.804
Us-2016-Lw17215140-42508,Luke Weiss,Acco Hot Clips Clips To Go,Central Us,7.896,2.4675
Us-2016-Lw17215140-42508,Luke Weiss,"Acco Recycled 2"" Capacity Laser Printer Hanging Data Binders",Central Us,2.89,-4.7685
Us-2016-Lw17215140-42508,Luke Weiss,Flat Face Poster Frame,Central Us,22.608,-10.1736
Us-2016-Lw17215140-42508,Luke Weiss,"Wirebound Message Books, Four 2 3/4 X 5 Forms Per Page, 200 Sets Per Book",Central Us,30.528,9.54
Us-2016-Ma17560140-42606,Matt Abelman,Avery 515,Central Us,37.59,17.6673
Us-2016-Ma17560140-42606,Matt Abelman,Maxell 4.7Gb Dvd+R 5/Pack,Central Us,1.98,0.891
Us-2016-Ma17560140-42606,Matt Abelman,"Permanent Self-Adhesive File Folder Labels For Typewriters, 1 1/8 X 3 1/2, White",Central Us,25.2,11.592
Us-2016-Ma17560140-42606,Matt Abelman,Pizazz Global Quick File,Central Us,14.97,4.1916
Us-2016-Ma17995140-42680,Michelle Arnett,Avery 503,Central Us,51.75,24.84
Us-2016-Ma17995140-42680,Michelle Arnett,Premium Transparent Presentation Covers By Gbc,Central Us,104.9,50.352
Us-2016-Ma17995140-42680,Michelle Arnett,Prismacolor Color Pencil Set,Central Us,39.68,16.2688
Us-2016-Mc17575140-42725,Matt Collins,Strathmore Photo Mount Cards,Central Us,33.9,15.594
Us-2016-Mh17455140-42715,Mark Hamilton,Global Commerce Series High-Back Swivel/Tilt Chairs,Central Us,1424.9,356.225
Us-2016-Mh18115140-42606,Mick Hernandez,Flat Face Poster Frame,Central Us,22.608,-10.1736
Us-2016-Mh18115140-42606,Mick Hernandez,Safco Boltless Steel Shelving,Central Us,727.296,-172.7328
Us-2016-Mh18115140-42606,Mick Hernandez,Wd My Passport Ultra 2Tb Portable External Hard Drive,Central Us,666.4,-33.32
Us-2016-Mm18280140-42642,Muhammed Macintyre,Xerox 1960,Central Us,99.136,30.98
Us-2016-Ms17770140-42685,Maxwell Schwartz,Kensington Slimblade Notebook Wireless Mouse With Nano Receiver,Central Us,279.944,48.9902
Us-2016-My18295140-42462,Muhammed Yedwab,Cyber Acoustics Ac-202B Speech Recognition Stereo Headset,Central Us,12.99,0.2598
Us-2016-My18295140-42476,Muhammed Yedwab,"Dixon Ticonderoga Erasable Colored Pencil Set, 12-Color",Central Us,33.488,5.8604
Us-2016-My18295140-42476,Muhammed Yedwab,Ideal Clamps,Central Us,8.04,2.9145
Us-2016-Nc18535140-42704,Nick Crebassa,Memorex Micro Travel Drive 32 Gb,Central Us,58.416,16.7946
Us-2016-Nf18385140-42640,Natalie Fritzler,Hon 4700 Series Mobuis Mid-Back Task Chairs With Adjustable Arms,Central Us,747.558,-96.1146
Us-2016-Nf18385140-42640,Natalie Fritzler,Staples,Central Us,8.928,3.348
Us-2016-Pt19090140-42619,Pete Takahito,"Eldon Base For Stackable Storage Shelf, Platinum",Central Us,93.456,-17.523
Us-2016-Ra19285140-42587,Ralph Arnett,Ibico Presentation Index For Binding Systems,Central Us,3.98,-6.567
Us-2016-Rb19570140-42617,Rob Beeghly,"Safco Value Mate Steel Bookcase, Baked Enamel Finish On Steel, Black",Central Us,198.744,0
Us-2016-Rc19960140-42636,Ryan Crowe,Panasonic Kx Ts208W Corded Phone,Central Us,97.98,27.4344
Us-2016-Rc19960140-42636,Ryan Crowe,"Rsvp Cards & Envelopes, Blank White, 8-1/2"" X 11"", 24 Cards/25 Envelopes/Set",Central Us,35.56,16.7132
Us-2016-Rp19855140-42510,Roy Phan,Newell 341,Central Us,21.4,6.206
Us-2016-Rw19630140-42714,Rob Williams,Acme Office Executive Series Stainless Steel Trimmers,Central Us,20.568,1.5426
Us-2016-Rw19630140-42714,Rob Williams,Belkin 6 Outlet Metallic Surge Strip,Central Us,4.356,-11.7612
Us-2016-Rw19630140-42714,Rob Williams,Kingston Digital Datatraveler 8Gb Usb 2.0,Central Us,19.04,-1.428
Us-2016-Sc20380140-42640,Shahid Collister,Ibico Recycled Linen-Style Covers,Central Us,15.624,-24.9984
Us-2016-Sc20695140-42639,Steve Chapman,Eldon Expressions Mahogany Wood Desk Collection,Central Us,68.64,17.16
Us-2016-Sc20695140-42639,Steve Chapman,"Global Fabric Manager'S Chair, Dark Gray",Central Us,201.96,50.49
Us-2016-Sc20695140-42639,Steve Chapman,Logitech Wireless Headset H800,Central Us,499.95,174.9825
Us-2016-Sc20695140-42639,Steve Chapman,Manco Dry-Lighter Erasable Highlighter,Central Us,3.04,1.0336
Us-2016-Se20110140-42622,Sanjit Engle,Bretford Cr8500 Series Meeting Room Furniture,Central Us,601.47,-300.735
Us-2016-Se20110140-42622,Sanjit Engle,"Executive Impressions 12"" Wall Clock",Central Us,14.136,-7.7748
Us-2016-Sh19975140-42577,Sally Hughsby,"Eldon Expressions Desk Accessory, Wood Photo Frame, Mahogany",Central Us,95.2,27.608
Us-2016-Sh19975140-42577,Sally Hughsby,Lg Electronics Tone+ Hbs-730 Bluetooth Headset,Central Us,297.55,83.314
Us-2016-Sh19975140-42577,Sally Hughsby,Memorex Froggy Flash Drive 8 Gb,Central Us,124.25,48.4575
Us-2016-Sh19975140-42577,Sally Hughsby,Office Star Flex Back Scooter Chair With Aluminum Finish Frame,Central Us,403.56,96.8544
Us-2016-Sh19975140-42577,Sally Hughsby,"Speediset Carbonless Redi-Letter 7"" X 8 1/2""",Central Us,20.62,9.6914
Us-2016-Sm20005140-42679,Sally Matthias,"Dax Two-Tone Rosewood/Black Document Frame, Desktop, 5 X 7",Central Us,11.376,-5.688
Us-2016-Sm20005140-42679,Sally Matthias,"Deflect-O Economat Studded, No Bevel Mat For Low Pile Carpeting",Central Us,66.112,-84.2928
Us-2016-Sp20545140-42482,Sibella Parks,Fellowes Bankers Box Stor/Drawer Steel Plus,Central Us,102.336,-12.792
Us-2016-Sp20545140-42482,Sibella Parks,Kensington 4 Outlet Masterpiece Compact Power Control Center,Central Us,48.792,-126.8592
Us-2016-Sp20545140-42482,Sibella Parks,"Performers Binder/Pad Holder, Black",Central Us,44.848,-67.272
Us-2016-Sp20650140-42438,Stephanie Phelps,Honeywell Enviracaire Portable Air Cleaner For Up To 8 X 10 Room,Central Us,207.144,48.3336
Us-2016-Sp20650140-42438,Stephanie Phelps,Prang Drawing Pencil Set,Central Us,13.9,3.753
Us-2016-Ss20515140-42609,Shirley Schmidt,Memorex Micro Travel Drive 16 Gb,Central Us,47.97,14.8707
Us-2016-Ss20875140-42610,Sung Shariari,"Ampad Gold Fibre Wirebound Steno Books, 6"" X 9"", Gregg Ruled",Central Us,3.528,1.1466
Us-2016-Ss20875140-42610,Sung Shariari,"Fiskars 8"" Scissors, 2/Pack",Central Us,55.168,6.2064
Us-2016-Ss20875140-42610,Sung Shariari,Martin-Yale Premier Letter Opener,Central Us,51.52,-10.948
Us-2016-Ss20875140-42610,Sung Shariari,Xerox 196,Central Us,4.624,1.6762
Us-2016-Sw20350140-42478,Sean Wendt,"Advantus Push Pins, Aluminum Head",Central Us,29.05,9.0055
Us-2017-Ac10420140-42868,Alyssa Crouse,Fellowes Bankers Box Stor/Drawer Steel Plus,Central Us,127.92,-15.99
Us-2017-Ac10420140-42868,Alyssa Crouse,"Wilson Jones Elliptical Ring 3 1/2"" Capacity Binders, 800 Sheets",Central Us,34.24,-53.072
Us-2017-Af10870140-43059,Art Ferguson,Office Star Flex Back Scooter Chair With White Frame,Central Us,233.058,-53.2704
Us-2017-Ag10675140-42986,Anna Gayman,Rosewill 107 Normal Keys Usb Wired Standard Keyboard,Central Us,13.48,1.8872
Us-2017-Aw10930140-43054,Arthur Wiediger,Security-Tint Envelopes,Central Us,15.28,7.4872
Us-2017-Bf11020140-42987,Barry Französisch,Canon Pc-428 Personal Copier,Central Us,319.984,107.9946
Us-2017-Bf11020140-42987,Barry Französisch,Dax Black Cherry Wood-Tone Poster Frame,Central Us,21.184,-11.6512
Us-2017-Bf11020140-42987,Barry Französisch,"Global Armless Task Chair, Royal Blue",Central Us,213.43,-39.637
Us-2017-Bf11020140-42987,Barry Französisch,"Premier Elliptical Ring Binder, Black",Central Us,42.616,-68.1856
Us-2017-Bf11020140-42987,Barry Französisch,"Vinyl Coated Wire Paper Clips In Organizer Box, 800/Box",Central Us,45.92,15.498
Us-2017-Bf11020140-42987,Barry Französisch,Xerox 205,Central Us,20.736,7.2576
Us-2017-Bm11575140-42843,Brendan Murry,Carina Media Storage Towers In Natural & Black,Central Us,195.136,-43.9056
Us-2017-Bw11200140-42895,Ben Wallace,"Gbc Twin Loop Wire Binding Elements, 9/16"" Spine, Black",Central Us,12.176,-18.8728
Us-2017-Cc12475140-42990,Cindy Chapman,Bevis Round Conference Table Top & Single Column Base,Central Us,512.19,-65.853
Us-2017-Cc12475140-42990,Cindy Chapman,"Commercial Windtunnel Clean Air Upright Vacuum, Replacement Belts, Filtration Bags",Central Us,1.556,-4.2012
Us-2017-Cc12475140-42990,Cindy Chapman,Xerox 1953,Central Us,10.272,3.21
Us-2017-Cd11980140-42813,Carol Darley,Hoover Portapower Portable Vacuum,Central Us,2.688,-7.392
Us-2017-Cd11980140-42813,Carol Darley,"Howard Miller 13-1/2"" Diameter Rosebrook Wall Clock",Central Us,82.524,-41.262
Us-2017-Cd11980140-42813,Carol Darley,Ibico Hi-Tech Manual Binding System,Central Us,182.994,-320.2395
Us-2017-Cd11980140-42813,Carol Darley,"Verbatim 25 Gb 6X Blu-Ray Single Layer Recordable Disc, 10/Pack",Central Us,27.816,4.5201
Us-2017-Ck12595140-42765,Clytie Kelty,"Gbc Clear Cover, 8-1/2 X 11, Unpunched, 25 Covers Per Pack",Central Us,12.128,-20.6176
Us-2017-Ck12760140-43018,Cyma Kinney,"Bevis Oval Conference Table, Walnut",Central Us,652.45,-430.617
Us-2017-Ck12760140-43018,Cyma Kinney,Hon 61000 Series Interactive Training Tables,Central Us,66.645,-42.6528
Us-2017-Cm12160140-43007,Charles Mccrossin,Staples,Central Us,1.744,-0.3488
Us-2017-Cp12085140-42749,Cathy Prescott,"Hon Metal Bookcases, Black",Central Us,212.94,53.235
Us-2017-Cp12085140-42749,Cathy Prescott,Hunt Boston Vacuum Mount Ks Pencil Sharpener,Central Us,209.94,54.5844
Us-2017-Cp12085140-42749,Cathy Prescott,Martin Yale Chadless Opener Electric Letter Opener,Central Us,4164.05,83.281
Us-2017-Cp12085140-42749,Cathy Prescott,Xerox 23,Central Us,32.4,15.552
Us-2017-Cs12400140-43053,Christopher Schild,Safco Industrial Wire Shelving,Central Us,230.376,-48.9549
Us-2017-Db13120140-42748,David Bremer,Gbc Ibimaster 500 Manual Proclick Binding System,Central Us,760.98,-1141.47
Us-2017-Db13555140-42862,Dorothy Badders,Avery Durable Poly Binders,Central Us,11.06,-18.802
Us-2017-Db13555140-42862,Dorothy Badders,Fellowes Staxonsteel Drawer Files,Central Us,772.68,-57.951
Us-2017-Db13555140-42862,Dorothy Badders,"Sauder Mission Library With Doors, Fruitwood Finish",Central Us,623.4648,-119.1918
Us-2017-Dl13600140-42895,Dorris Liebe,Eureka Disposable Bags For Sanitaire Vibra Groomer I Upright Vac,Central Us,1.624,-4.466
Us-2017-Dm13015140-43032,Darrin Martin,Jabra Speak 410 Multidevice Speakerphone,Central Us,823.96,51.4975
Us-2017-Dm13015140-43032,Darrin Martin,Newell 320,Central Us,10.272,0.8988
Us-2017-Dm13015140-43032,Darrin Martin,Storex Dura Pro Binders,Central Us,3.564,-6.237
Us-2017-Eb13930140-42939,Eric Barreto,Hon Every-Day Series Multi-Task Chairs,Central Us,526.344,-75.192
Us-2017-Ep13915140-42982,Emily Phan,"Premier Elliptical Ring Binder, Black",Central Us,42.616,-68.1856
Us-2017-Fc14335140-42916,Fred Chung,Xerox 218,Central Us,5.184,1.8144
Us-2017-Gb14575140-42764,Giulietta Baptist,Xerox 1934,Central Us,279.9,137.151
Us-2017-Gg14650140-43042,Greg Guthrie,Stanley Bostitch Contemporary Electric Pencil Sharpeners,Central Us,54.336,5.4336
Us-2017-Gm14500140-42938,Gene Mcclure,Hon 61000 Series Interactive Training Tables,Central Us,124.404,-21.3264
Us-2017-Hg14965140-43077,Henry Goldwyn,Ibico Epk-21 Electric Binding System,Central Us,1889.99,-2929.4845
Us-2017-Hk14890140-42821,Heather Kirkland,Belkin 5 Outlet Surgemaster Power Centers,Central Us,87.168,-226.6368
Us-2017-Hk14890140-42821,Heather Kirkland,Canon Pc1080F Personal Copier,Central Us,2399.96,569.9905
Us-2017-Hk14890140-42821,Heather Kirkland,"Neat Ideas Personal Hanging Folder Files, Black",Central Us,32.232,2.4174
Us-2017-Hk14890140-42821,Heather Kirkland,Sony 64Gb Class 10 Micro Sdhc R40 Memory Card,Central Us,143.96,1.7995
Us-2017-Hk14890140-42821,Heather Kirkland,Xerox 1951,Central Us,74.352,23.235
Us-2017-Jb16000140-42988,Joy Bell-,"#10- 4 1/8"" X 9 1/2"" Recycled Envelopes",Central Us,17.48,8.2156
Us-2017-Jd16015140-42871,Joy Daniels,Qvs Usb Car Charger 2-Port 2.1Amp For Ipod/Iphone/Ipad/Ipad 2/Ipad 3,Central Us,11.12,3.475
Us-2017-Jd16015140-42871,Joy Daniels,Xerox 1880,Central Us,56.704,19.1376
Us-2017-Jf15490140-42862,Jeremy Farry,Kensington Orbit Wireless Mobile Trackball For Pc And Mac,Central Us,191.968,28.7952
Us-2017-Jh15910140-42884,Jonathan Howell,Spigen Samsung Galaxy S5 Case Wallet,Central Us,54.368,4.0776
Us-2017-Jh15910140-43059,Jonathan Howell,Bpi Conference Tables,Central Us,219.075,-131.445
Us-2017-Js16030140-43072,Joy Smith,3.6 Cubic Foot Counter Height Office Refrigerator,Central Us,294.62,-766.012
Us-2017-Js16030140-43072,Joy Smith,Advantus Panel Wall Acrylic Frame,Central Us,8.752,-3.7196
Us-2017-Kb16600140-43079,Ken Brennan,"6"" Cubicle Wall Clock, Black",Central Us,9.708,-5.8248
Us-2017-Kb16600140-43079,Ken Brennan,Economy Binders,Central Us,1.248,-1.9344
Us-2017-Kb16600140-43079,Ken Brennan,"Simplifile Personal File, Black Granite, 15W X 6-15/16D X 11-1/4H",Central Us,27.24,2.724
Us-2017-Kf16285140-42918,Karen Ferguson,"Carina Mini System Audio Rack, Model Ar050B",Central Us,443.92,13.3176
Us-2017-Kf16285140-42918,Karen Ferguson,Fellowes Pb200 Plastic Comb Binding Machine,Central Us,169.99,78.1954
Us-2017-Kf16285140-42918,Karen Ferguson,Xerox 226,Central Us,25.92,12.4416
Us-2017-Lc16870140-43002,Lena Cacioppo,Euro Pro Shark Stick Mini Vacuum,Central Us,73.176,-197.5752
Us-2017-Lc16870140-43002,Lena Cacioppo,Otterbox Commuter Series Case - Samsung Galaxy S4,Central Us,39.984,-8.9964
Us-2017-Lc16870140-43002,Lena Cacioppo,Xerox 217,Central Us,20.736,7.2576
Us-2017-Lc16885140-43084,Lena Creighton,Bretford Cr4500 Series Slim Rectangular Table,Central Us,974.988,-97.4988
Us-2017-Lc16930140-43059,Linda Cazamias,"Lifetime Advantage Folding Chairs, 4/Carton",Central Us,305.312,-8.7232
Us-2017-Lc17050140-43046,Liz Carlisle,"Linden 10"" Round Wall Clock, Black",Central Us,30.56,-19.864
Us-2017-Lc17140140-43087,Logan Currie,Eureka Sanitaire  Commercial Upright,Central Us,66.284,-178.9668
Us-2017-Le16810140-42878,Laurel Elliston,Acme Forged Steel Scissors With Black Enamel Handles,Central Us,22.344,2.5137
Us-2017-Le16810140-42878,Laurel Elliston,"Avery Durable Slant Ring Binders, No Labels",Central Us,1.592,-2.6268
Us-2017-Le16810140-42878,Laurel Elliston,High-Back Leather Manager'S Chair,Central Us,181.986,-54.5958
Us-2017-Lh16900140-42940,Lena Hernandez,"Memorex 25Gb 6X Branded Blu-Ray Recordable Disc, 30/Pack",Central Us,159.75,11.1825
Us-2017-Lh16900140-42940,Lena Hernandez,"Quartet Omega Colored Chalk, 12/Pack",Central Us,11.68,5.4896
Us-2017-Lh16900140-43079,Lena Hernandez,Xerox 1884,Central Us,143.856,48.5514
Us-2017-Ls17200140-42948,Luke Schmidt,3M Office Air Cleaner,Central Us,155.88,54.558
Us-2017-Ls17200140-42948,Luke Schmidt,Acco 3-Hole Punch,Central Us,17.52,8.4096
Us-2017-Mc17635140-42911,Matthew Clasen,Ibico Hi-Tech Manual Binding System,Central Us,182.994,-320.2395
Us-2017-Mc17635140-42911,Matthew Clasen,Xerox 1971,Central Us,10.272,3.21
Us-2017-Me17320140-43053,Maria Etezadi,Hoover Commercial Soft Guard Upright Vacuum And Disposable Filtration Bags,Central Us,9.324,-24.7086
Us-2017-Mg17650140-42976,Matthew Grinstein,Acco 6 Outlet Guardian Premium Plus Surge Suppressor,Central Us,91.6,26.564
Us-2017-Mg17650140-42976,Matthew Grinstein,Acme Stainless Steel Office Snips,Central Us,21.81,5.8887
Us-2017-Mk17905140-42903,Michael Kennedy,Storex Duratech Recycled Plastic Frosted Binders,Central Us,5.936,-8.904
Us-2017-Mm18055140-42987,Michelle Moray,Boxoffice By Design Rectangular And Half-Moon Meeting Room Tables,Central Us,765.625,-566.5625
Us-2017-Mo17800140-42896,Meg O'Connel,12-1/2 Diameter Round Wall Clock,Central Us,23.976,-14.3856
Us-2017-Mo17800140-42896,Meg O'Connel,"Adams Telephone Message Book W/Dividers/Space For Phone Numbers, 5 1/4""X8 1/2"", 200/Messages",Central Us,36.352,11.36
Us-2017-Mo17800140-42896,Meg O'Connel,"Chromcraft Bull-Nose Wood Round Conference Table Top, Wood Base",Central Us,108.925,-71.8905
Us-2017-My17380140-42940,Maribeth Yedwab,Xerox 1909,Central Us,63.312,20.5764
Us-2017-Nd18370140-42842,Natalie Decherney,"Gbc White Gloss Covers, Plain Front",Central Us,2.896,-4.7784
Us-2017-Nd18370140-42842,Natalie Decherney,Satellite Sectional Post Binders,Central Us,26.046,-44.2782
Us-2017-Nd18370140-42842,Natalie Decherney,Tennsco Commercial Shelving,Central Us,32.544,-7.7292
Us-2017-Nh18610140-42834,Nicole Hansen,"3M Polarizing Task Lamp With Clamp Arm, Light Gray",Central Us,273.96,71.2296
Us-2017-Nh18610140-42834,Nicole Hansen,Luxo Professional Combination Clamp-On Lamps,Central Us,306.9,79.794
Us-2017-Pg18820140-43051,Patrick Gardner,Otterbox Commuter Series Case - Iphone 5 & 5S,Central Us,35.184,12.3144
Us-2017-Pj18835140-42875,Patrick Jones,Things To Do Today Spiral Book,Central Us,38.016,13.7808
Us-2017-Po18850140-43096,Patrick O'Brill,"Recycled Desk Saver Line ""While You Were Out"" Book, 5 1/2"" X 4""",Central Us,44.75,20.585
Us-2017-Ps18970140-43031,Paul Stevenson,Dixon Ticonderoga Core-Lock Colored Pencils,Central Us,36.44,12.0252
Us-2017-Rf19735140-42946,Roland Fjeld,Gbc Poly Designer Binding Covers,Central Us,33.48,16.4052
Us-2017-Rf19735140-42946,Roland Fjeld,"Holmes Replacement Filter For Hepa Air Cleaner, Very Large Room, Hepa Filter",Central Us,137.62,60.5528
Us-2017-Rf19735140-42946,Roland Fjeld,Nortel Meridian M3904 Professional Digital Phone,Central Us,461.97,133.9713
Us-2017-Rf19735140-42946,Roland Fjeld,Office Star Flex Back Scooter Chair With Aluminum Finish Frame,Central Us,302.67,72.6408
Us-2017-Rp19390140-42847,Resi Pölking,Avery Non-Stick Binders,Central Us,2.694,-4.7145
Us-2017-Rp19390140-42847,Resi Pölking,Unikeep View Case Binders,Central Us,2.934,-4.9878
Us-2017-Sc20050140-42837,Sample Company A,Flexible Leather- Look Classic Collection Ring Binder,Central Us,11.364,-17.046
Us-2017-Sc20050140-43009,Sample Company A,Gbc Instant Report Kit,Central Us,11.646,-17.469
Us-2017-Sd20485140-42841,Shirley Daniels,Xerox 207,Central Us,20.736,7.2576
Us-2017-Sh19975140-43001,Sally Hughsby,Insertable Tab Post Binder Dividers,Central Us,11.228,-18.5262
Us-2017-Sh19975140-43001,Sally Hughsby,Staples,Central Us,13.392,5.022
Us-2017-Sj20500140-42847,Shirley Jackson,"Acco 7-Outlet Masterpiece Power Center, Wihtout Fax/Phone Line Protection",Central Us,97.264,-243.16
Us-2017-Tb21250140-42751,Tim Brockman,Acco D-Ring Binder W/Dubllock,Central Us,4.276,-6.6278
Us-2017-Tb21250140-42751,Tim Brockman,Logitech 910-002974 M325 Wireless Mouse For Web Scrolling,Central Us,47.984,14.3952
Us-2017-Tb21250140-42751,Tim Brockman,"Maxell 74 Minute Cdr, 10/Pack",Central Us,62.592,13.3008
Us-2017-Tb21250140-42751,Tim Brockman,"Wilson Jones Ledger-Size, Piano-Hinge Binder, 2"", Blue",Central Us,32.784,-52.4544
Us-2017-Tc21475140-42856,Tony Chapman,Gbc Linen Binding Covers,Central Us,43.372,-69.3952
Us-2017-Th21235140-42884,Tiffany House,"Global Task Chair, Black",Central Us,106.869,-29.0073
Us-2017-Th21235140-42884,Tiffany House,Storex Dura Pro Binders,Central Us,3.564,-6.237
Us-2017-Tp21130140-43074,Theone Pippenger,First Data Tmfd35 Pin Pad,Central Us,142.8,29.988
Us-2017-Tp21130140-43074,Theone Pippenger,Logitech G430 Surround Sound Gaming Headset With Dolby 7.1 Technology,Central Us,399.95,143.982
Us-2017-Tp21130140-43074,Theone Pippenger,Newell 310,Central Us,8.8,2.552
Us-2017-Tt21460140-42799,Tonja Turnell,Avery 497,Central Us,2.464,0.8624
Us-2017-Tt21460140-42799,Tonja Turnell,Crate-A-Files,Central Us,8.72,0.654
Us-2017-Tt21460140-42799,Tonja Turnell,"Howard Miller 13-3/4"" Diameter Brushed Chrome Round Wall Clock",Central Us,103.5,-77.625
Us-2017-Xp21865140-43054,Xylona Preis,"Boston Electric Pencil Sharpener, Model 1818, Charcoal Black",Central Us,45.04,4.504
Us-2017-Xp21865140-43054,Xylona Preis,V7 Usb Numeric Keypad,Central Us,167.952,-27.2922
Us-2017-Zc21910140-42906,Zuschuss Carroll,"Holmes Visible Mist Ultrasonic Humidifier With 2.3-Gallon Output Per Day, Replacement Filter",Central Us,2.264,-5.2072
Us-2017-Zc21910140-42906,Zuschuss Carroll,Hoover Replacement Belt For Commercial Guardsman Heavy-Duty Upright Vacuum,Central Us,0.444,-1.11
Us-2017-Zc21910140-42906,Zuschuss Carroll,Xerox 1982,Central Us,146.176,47.5072
